source,package_id,package_name,package_title,category,resource_id,resource_name,format,url,status,bytes_or_records,local_path,error
direct,geoboundaries/geoBoundaries_UKR_ADM1.zip,geoboundaries,geoboundaries/geoBoundaries_UKR_ADM1.zip,,geoBoundaries_UKR_ADM1.zip,geoBoundaries_UKR_ADM1.zip,,https://www.geoboundaries.org/api/current/gbOpen/UKR/ADM1/,already_exists,1743,data/kyiv_resilience_data/geoboundaries/geoBoundaries_UKR_ADM1.zip,
direct,geoboundaries/geoBoundaries_UKR_ADM2.zip,geoboundaries,geoboundaries/geoBoundaries_UKR_ADM2.zip,,geoBoundaries_UKR_ADM2.zip,geoBoundaries_UKR_ADM2.zip,,https://www.geoboundaries.org/api/current/gbOpen/UKR/ADM2/,already_exists,1663,data/kyiv_resilience_data/geoboundaries/geoBoundaries_UKR_ADM2.zip,
direct,geoboundaries/geoBoundaries_UKR_ADM3.zip,geoboundaries,geoboundaries/geoBoundaries_UKR_ADM3.zip,,geoBoundaries_UKR_ADM3.zip,geoBoundaries_UKR_ADM3.zip,,https://www.geoboundaries.org/api/current/gbOpen/UKR/ADM3/,already_exists,1690,data/kyiv_resilience_data/geoboundaries/geoBoundaries_UKR_ADM3.zip,
data_gov_ua,46fa40f9-875b-41ee-8d6f-be2cc3e40ace,a1d554df-be4b-4d3f-8063-dd0db4d83ff5,"Інформація про суб'єктів господарювання, які уклали договір із НСЗУ за програмою медичних гарантій",,c486c552-f377-49dc-bd94-13cf9f51ba0a,Опис атрибутів набору даних.xlsx,XLSX,https://data.gov.ua/dataset/46fa40f9-875b-41ee-8d6f-be2cc3e40ace/resource/c486c552-f377-49dc-bd94-13cf9f51ba0a/download/opis-atributiv-naboru-danikh.xlsx,already_exists,19144,data/kyiv_resilience_data/data_gov_ua/a1d554df-be4b-4d3f-8063-dd0db4d83ff5/c486c552-f377-49dc-bd94-13cf9f51ba0a_c486c552-f377-49dc-bd94-13cf9f51ba0a.xlsx,
data_gov_ua,46fa40f9-875b-41ee-8d6f-be2cc3e40ace,a1d554df-be4b-4d3f-8063-dd0db4d83ff5,"Інформація про суб'єктів господарювання, які уклали договір із НСЗУ за програмою медичних гарантій",,ca4792f5-322f-4482-938e-b12cf14c516e,pmg_legal_entity_info.csv,CSV,https://data.gov.ua/dataset/46fa40f9-875b-41ee-8d6f-be2cc3e40ace/resource/ca4792f5-322f-4482-938e-b12cf14c516e/download/pmg_legal_entity_info.csv,already_exists,3398126,data/kyiv_resilience_data/data_gov_ua/a1d554df-be4b-4d3f-8063-dd0db4d83ff5/pmg_legal_entity_info_ca4792f5-322f-4482-938e-b12cf14c516e.csv,
data_gov_ua,46fa40f9-875b-41ee-8d6f-be2cc3e40ace,a1d554df-be4b-4d3f-8063-dd0db4d83ff5,"Інформація про суб'єктів господарювання, які уклали договір із НСЗУ за програмою медичних гарантій",,d98f7120-59fd-47f6-a5a5-e7f220bebc53,pmg_legal_entity_divisions_info.csv,CSV,https://data.gov.ua/dataset/46fa40f9-875b-41ee-8d6f-be2cc3e40ace/resource/d98f7120-59fd-47f6-a5a5-e7f220bebc53/download/pmg_legal_entity_divisions_info.csv,already_exists,8142566,data/kyiv_resilience_data/data_gov_ua/a1d554df-be4b-4d3f-8063-dd0db4d83ff5/pmg_legal_entity_divisions_info_d98f7120-59fd-47f6-a5a5-e7f220bebc53.csv,
kyivcity,9cc30442-b063-4893-80fb-f5c8c9f949e5,adresnyi-reiestr-aparat,Адресний реєстр,architecture,1d95e4d8-7405-4e7b-a9d8-6c242246db58,register.csv,CSV,https://data.kyivcity.gov.ua/dataset/9cc30442-b063-4893-80fb-f5c8c9f949e5/resource/1d95e4d8-7405-4e7b-a9d8-6c242246db58/download/register.csv,already_exists,23762344,data/kyiv_resilience_data/kyivcity/adresnyi-reiestr-aparat/register_1d95e4d8-7405-4e7b-a9d8-6c242246db58.csv,
kyivcity,9cc30442-b063-4893-80fb-f5c8c9f949e5,adresnyi-reiestr-aparat,Адресний реєстр,architecture,dfebf9f2-7548-4f21-b8fe-52fe01b3c2c5,register_API,JSON,https://gisserver-stage.kyivcity.gov.ua/mayno/rest/services/KYIV_API/regaddress/FeatureServer/0/query?where=district=%27Святошинський%27&outFields=*&returnGeometry=true&outSR=4326&f=pjson,error,,,"UnicodeEncodeError('ascii', 'GET /mayno/rest/services/KYIV_API/regaddress/FeatureServer/0/query?where=district=%27Святошинський%27&outFields=*&returnGeometry=true&outSR=4326&f=pjson HTTP/1.1', 85, 98, 'ordinal not in range(128)')"
kyivcity,5505eecc-a202-4f40-8807-26c8aa671079,biuvetni-kompleksy-dep-zhki,Бюветні комплекси,improvements,ff603658-be8d-49d5-951a-d3f034aed5a1,buvets.csv,CSV,https://data.kyivcity.gov.ua/dataset/5505eecc-a202-4f40-8807-26c8aa671079/resource/ff603658-be8d-49d5-951a-d3f034aed5a1/download/buvets.csv,already_exists,49133,data/kyiv_resilience_data/kyivcity/biuvetni-kompleksy-dep-zhki/buvets_ff603658-be8d-49d5-951a-d3f034aed5a1.csv,
kyivcity,bb1d4e80-db0e-4033-b41c-d5b4c7b18ec0,dani-pro-cherhy-ditei-u-zaklady-doshkilnoi-osvity-dep-education,Дані про черги дітей у заклади дошкільної освіти,education,00b178cf-a83a-4e00-b69d-ed7191778edf,line,JSON,https://osvita.kyivcity.gov.ua/v1/kindergartens/line?kindergartenid=58b6bfaa108cf4a56744f3af&period=2025&age=3,error,,,<HTTPError 500: 'Internal Server Error'>
kyivcity,1c960324-42e4-4325-bedc-66e87a642d37,dani-pro-dostupnist-budivel-dlia-osib-z-invalidnistiu-ta-inshykh-malomobil-dep-social-veteran-policy,Дані про доступність будівель для осіб з інвалідністю та інших маломобільних груп населення,protection,77fbde37-bf69-4a67-9931-016a49103e68,infrastructureAccessibility,GeoJSON,https://gisserver.kyivcity.gov.ua/mayno/rest/services/KYIV_API/Map_of_avaibility/MapServer/5/query?where=1%3D1&text=&objectIds=&time=&timeRelation=esriTimeRelationOverlaps&geometry=&geometryType=esriGeometryEnvelope&inSR=&spatialRel=esriSpatialRelIntersects&distance=&units=esriSRUnit_Foot&relationParam=&outFields=*&returnGeometry=true&returnTrueCurves=false&maxAllowableOffset=&geometryPrecision=&outSR=4326&havingClause=&returnIdsOnly=false&returnCountOnly=false&orderByFields=&groupByFieldsForStatistics=&outStatistics=&returnZ=false&returnM=false&gdbVersion=&historicMoment=&returnDistinctValues=false&resultOffset=&resultRecordCount=&returnExtentOnly=false&sqlFormat=none&datumTransformation=&parameterValues=&rangeValues=&quantizationParameters=&uniqueIds=&returnUniqueIdsOnly=false&featureEncoding=esriDefault&f=geojson,error,,,<HTTPError 404: 'Not Found'>
kyivcity,1c960324-42e4-4325-bedc-66e87a642d37,dani-pro-dostupnist-budivel-dlia-osib-z-invalidnistiu-ta-inshykh-malomobil-dep-social-veteran-policy,Дані про доступність будівель для осіб з інвалідністю та інших маломобільних груп населення,protection,eb2ebc55-97a2-4a97-836e-b4ef0353f254,entertainmentFacilitiesAccessibility,GeoJSON,https://gisserver.kyivcity.gov.ua/mayno/rest/services/KYIV_API/Map_of_avaibility/MapServer/4/query?where=1%3D1&text=&objectIds=&time=&timeRelation=esriTimeRelationOverlaps&geometry=&geometryType=esriGeometryEnvelope&inSR=&spatialRel=esriSpatialRelIntersects&distance=&units=esriSRUnit_Foot&relationParam=&outFields=*&returnGeometry=true&returnTrueCurves=false&maxAllowableOffset=&geometryPrecision=&outSR=4326&havingClause=&returnIdsOnly=false&returnCountOnly=false&orderByFields=&groupByFieldsForStatistics=&outStatistics=&returnZ=false&returnM=false&gdbVersion=&historicMoment=&returnDistinctValues=false&resultOffset=&resultRecordCount=&returnExtentOnly=false&sqlFormat=none&datumTransformation=&parameterValues=&rangeValues=&quantizationParameters=&uniqueIds=&returnUniqueIdsOnly=false&featureEncoding=esriDefault&f=geojson,error,,,<HTTPError 404: 'Not Found'>
kyivcity,1c960324-42e4-4325-bedc-66e87a642d37,dani-pro-dostupnist-budivel-dlia-osib-z-invalidnistiu-ta-inshykh-malomobil-dep-social-veteran-policy,Дані про доступність будівель для осіб з інвалідністю та інших маломобільних груп населення,protection,a9dbf5fc-f637-45e0-8bb3-eb1da3195fc5,educationalInstitutionsAccessibility,GeoJSON,https://gisserver.kyivcity.gov.ua/mayno/rest/services/KYIV_API/Map_of_avaibility/MapServer/3/query?where=1%3D1&text=&objectIds=&time=&timeRelation=esriTimeRelationOverlaps&geometry=&geometryType=esriGeometryEnvelope&inSR=&spatialRel=esriSpatialRelIntersects&distance=&units=esriSRUnit_Foot&relationParam=&outFields=*&returnGeometry=true&returnTrueCurves=false&maxAllowableOffset=&geometryPrecision=&outSR=4326&havingClause=&returnIdsOnly=false&returnCountOnly=false&orderByFields=&groupByFieldsForStatistics=&outStatistics=&returnZ=false&returnM=false&gdbVersion=&historicMoment=&returnDistinctValues=false&resultOffset=&resultRecordCount=&returnExtentOnly=false&sqlFormat=none&datumTransformation=&parameterValues=&rangeValues=&quantizationParameters=&uniqueIds=&returnUniqueIdsOnly=false&featureEncoding=esriDefault&f=geojson,error,,,<HTTPError 404: 'Not Found'>
kyivcity,1c960324-42e4-4325-bedc-66e87a642d37,dani-pro-dostupnist-budivel-dlia-osib-z-invalidnistiu-ta-inshykh-malomobil-dep-social-veteran-policy,Дані про доступність будівель для осіб з інвалідністю та інших маломобільних груп населення,protection,c6004b1f-ea6e-49d6-a5a5-899e10875731,healthcareInstitutionsAccessibility,GeoJSON,https://gisserver.kyivcity.gov.ua/mayno/rest/services/KYIV_API/Map_of_avaibility/MapServer/2/query?where=1%3D1&text=&objectIds=&time=&timeRelation=esriTimeRelationOverlaps&geometry=&geometryType=esriGeometryEnvelope&inSR=&spatialRel=esriSpatialRelIntersects&distance=&units=esriSRUnit_Foot&relationParam=&outFields=*&returnGeometry=true&returnTrueCurves=false&maxAllowableOffset=&geometryPrecision=&outSR=4326&havingClause=&returnIdsOnly=false&returnCountOnly=false&orderByFields=&groupByFieldsForStatistics=&outStatistics=&returnZ=false&returnM=false&gdbVersion=&historicMoment=&returnDistinctValues=false&resultOffset=&resultRecordCount=&returnExtentOnly=false&sqlFormat=none&datumTransformation=&parameterValues=&rangeValues=&quantizationParameters=&uniqueIds=&returnUniqueIdsOnly=false&featureEncoding=esriDefault&f=geojson,error,,,<HTTPError 404: 'Not Found'>
kyivcity,1c960324-42e4-4325-bedc-66e87a642d37,dani-pro-dostupnist-budivel-dlia-osib-z-invalidnistiu-ta-inshykh-malomobil-dep-social-veteran-policy,Дані про доступність будівель для осіб з інвалідністю та інших маломобільних груп населення,protection,e28820b3-d99a-4bc4-9d20-aa7c157ca75a,sheltersAccessibility,GeoJSON,https://gisserver.kyivcity.gov.ua/mayno/rest/services/KYIV_API/Map_of_avaibility/MapServer/1/query?where=1%3D1&text=&objectIds=&time=&timeRelation=esriTimeRelationOverlaps&geometry=&geometryType=esriGeometryEnvelope&inSR=&spatialRel=esriSpatialRelIntersects&distance=&units=esriSRUnit_Foot&relationParam=&outFields=*&returnGeometry=true&returnTrueCurves=false&maxAllowableOffset=&geometryPrecision=&outSR=4326&havingClause=&returnIdsOnly=false&returnCountOnly=false&orderByFields=&groupByFieldsForStatistics=&outStatistics=&returnZ=false&returnM=false&gdbVersion=&historicMoment=&returnDistinctValues=false&resultOffset=&resultRecordCount=&returnExtentOnly=false&sqlFormat=none&datumTransformation=&parameterValues=&rangeValues=&quantizationParameters=&uniqueIds=&returnUniqueIdsOnly=false&featureEncoding=esriDefault&f=geojson,error,,,<HTTPError 404: 'Not Found'>
kyivcity,1c960324-42e4-4325-bedc-66e87a642d37,dani-pro-dostupnist-budivel-dlia-osib-z-invalidnistiu-ta-inshykh-malomobil-dep-social-veteran-policy,Дані про доступність будівель для осіб з інвалідністю та інших маломобільних груп населення,protection,a9028c20-acd7-42ed-8677-659151c37cfd,serviceProvidersAccessibility,GeoJSON,https://gisserver.kyivcity.gov.ua/mayno/rest/services/KYIV_API/Map_of_avaibility/MapServer/0/query?where=1%3D1&text=&objectIds=&time=&timeRelation=esriTimeRelationOverlaps&geometry=&geometryType=esriGeometryEnvelope&inSR=&spatialRel=esriSpatialRelIntersects&distance=&units=esriSRUnit_Meter&relationParam=&outFields=*&returnGeometry=true&returnTrueCurves=false&maxAllowableOffset=&geometryPrecision=&outSR=4326&havingClause=&returnIdsOnly=false&returnCountOnly=false&orderByFields=&groupByFieldsForStatistics=&outStatistics=&returnZ=false&returnM=false&gdbVersion=&historicMoment=&returnDistinctValues=false&resultOffset=&resultRecordCount=&returnExtentOnly=false&sqlFormat=none&datumTransformation=&parameterValues=&rangeValues=&quantizationParameters=&uniqueIds=&returnUniqueIdsOnly=false&featureEncoding=esriDefault&f=geojson,error,,,<HTTPError 404: 'Not Found'>
kyivcity,c2dbed91-31ac-4b4a-9114-cdc0097ea36b,dani-pro-medychne-obladnannia-komunalnykh-zakladiv-okhorony-zdorovia-dep-health,Дані про медичне обладнання комунальних закладів охорони здоров’я,health,6e465bfe-25a6-4911-b0b3-f9e5da6f1d1f,equipment.csv,CSV,https://data.kyivcity.gov.ua/dataset/c2dbed91-31ac-4b4a-9114-cdc0097ea36b/resource/6e465bfe-25a6-4911-b0b3-f9e5da6f1d1f/download/equipment.csv,already_exists,74596,data/kyiv_resilience_data/kyivcity/dani-pro-medychne-obladnannia-komunalnykh-zakladiv-okhorony-zdorovia-dep-health/equipment_6e465bfe-25a6-4911-b0b3-f9e5da6f1d1f.csv,
kyivcity,3870075f-4f65-4656-a125-4648ae220c3d,dani-pro-mistse-rozmishchennia-zupynok-miskoho-elektrychnoho-ta-avtomobilnoho-transpor-dep-transport,Дані про місце розміщення зупинок міського електричного та автомобільного транспорту,transport,269ffb2e-dac0-4978-9552-10d29a30724b,31725604_stops,JSON,https://data.kyivcity.gov.ua/dataset/3870075f-4f65-4656-a125-4648ae220c3d/resource/269ffb2e-dac0-4978-9552-10d29a30724b/download/31725604_stops.json,already_exists,3236639,data/kyiv_resilience_data/kyivcity/dani-pro-mistse-rozmishchennia-zupynok-miskoho-elektrychnoho-ta-avtomobilnoho-transpor-dep-transport/31725604_stops_269ffb2e-dac0-4978-9552-10d29a30724b.json,
kyivcity,3870075f-4f65-4656-a125-4648ae220c3d,dani-pro-mistse-rozmishchennia-zupynok-miskoho-elektrychnoho-ta-avtomobilnoho-transpor-dep-transport,Дані про місце розміщення зупинок міського електричного та автомобільного транспорту,transport,c6f814de-7364-4ac9-937f-1d6956f0f977,stopsKyivCityExpress,GeoJSON,https://gisserver-stage.kyivcity.gov.ua/mayno/rest/services/KYIV_API/transport_public/MapServer/10/query?where=1%3D1&text=&objectIds=&time=&timeRelation=esriTimeRelationOverlaps&geometry=&geometryType=esriGeometryEnvelope&inSR=&spatialRel=esriSpatialRelIntersects&distance=&units=esriSRUnit_Meter&relationParam=&outFields=*&returnGeometry=true&returnTrueCurves=false&maxAllowableOffset=&geometryPrecision=&outSR=&havingClause=&returnIdsOnly=false&returnCountOnly=false&orderByFields=&groupByFieldsForStatistics=&outStatistics=&returnZ=false&returnM=false&gdbVersion=&historicMoment=&returnDistinctValues=false&resultOffset=&resultRecordCount=&returnExtentOnly=false&sqlFormat=none&datumTransformation=&parameterValues=&rangeValues=&quantizationParameters=&uniqueIds=&returnUniqueIdsOnly=false&featureEncoding=esriDefault&f=geojson,error,,,<HTTPError 404: 'Not Found'>
kyivcity,3870075f-4f65-4656-a125-4648ae220c3d,dani-pro-mistse-rozmishchennia-zupynok-miskoho-elektrychnoho-ta-avtomobilnoho-transpor-dep-transport,Дані про місце розміщення зупинок міського електричного та автомобільного транспорту,transport,984462ae-86cd-40b8-a3f5-68064a97408d,stopsFuniculer,GeoJSON,https://gisserver-stage.kyivcity.gov.ua/mayno/rest/services/KYIV_API/transport_public/MapServer/7/query?where=1%3D1&text=&objectIds=&time=&timeRelation=esriTimeRelationOverlaps&geometry=&geometryType=esriGeometryEnvelope&inSR=&spatialRel=esriSpatialRelIntersects&distance=&units=esriSRUnit_Meter&relationParam=&outFields=*&returnGeometry=true&returnTrueCurves=false&maxAllowableOffset=&geometryPrecision=&outSR=&havingClause=&returnIdsOnly=false&returnCountOnly=false&orderByFields=&groupByFieldsForStatistics=&outStatistics=&returnZ=false&returnM=false&gdbVersion=&historicMoment=&returnDistinctValues=false&resultOffset=&resultRecordCount=&returnExtentOnly=false&sqlFormat=none&datumTransformation=&parameterValues=&rangeValues=&quantizationParameters=&uniqueIds=&returnUniqueIdsOnly=false&featureEncoding=esriDefault&f=geojson,error,,,<HTTPError 404: 'Not Found'>
kyivcity,3870075f-4f65-4656-a125-4648ae220c3d,dani-pro-mistse-rozmishchennia-zupynok-miskoho-elektrychnoho-ta-avtomobilnoho-transpor-dep-transport,Дані про місце розміщення зупинок міського електричного та автомобільного транспорту,transport,813c6ebc-4ed6-4743-91ba-503e93f009c9,stopsUndergroundExits,GeoJSON,https://gisserver-stage.kyivcity.gov.ua/mayno/rest/services/KYIV_API/transport_public/MapServer/3/query?where=1%3D1&text=&objectIds=&time=&timeRelation=esriTimeRelationOverlaps&geometry=&geometryType=esriGeometryEnvelope&inSR=&spatialRel=esriSpatialRelIntersects&distance=&units=esriSRUnit_Meter&relationParam=&outFields=*&returnGeometry=true&returnTrueCurves=false&maxAllowableOffset=&geometryPrecision=&outSR=&havingClause=&returnIdsOnly=false&returnCountOnly=false&orderByFields=&groupByFieldsForStatistics=&outStatistics=&returnZ=false&returnM=false&gdbVersion=&historicMoment=&returnDistinctValues=false&resultOffset=&resultRecordCount=&returnExtentOnly=false&sqlFormat=none&datumTransformation=&parameterValues=&rangeValues=&quantizationParameters=&uniqueIds=&returnUniqueIdsOnly=false&featureEncoding=esriDefault&f=geojson,error,,,<HTTPError 404: 'Not Found'>
kyivcity,3870075f-4f65-4656-a125-4648ae220c3d,dani-pro-mistse-rozmishchennia-zupynok-miskoho-elektrychnoho-ta-avtomobilnoho-transpor-dep-transport,Дані про місце розміщення зупинок міського електричного та автомобільного транспорту,transport,93a62dca-e442-43b6-a00e-112c7eb6c13f,stopsUnderground,GeoJSON,https://gisserver-stage.kyivcity.gov.ua/mayno/rest/services/KYIV_API/transport_public/MapServer/4/query?where=1%3D1&text=&objectIds=&time=&timeRelation=esriTimeRelationOverlaps&geometry=&geometryType=esriGeometryEnvelope&inSR=&spatialRel=esriSpatialRelIntersects&distance=&units=esriSRUnit_Meter&relationParam=&outFields=*&returnGeometry=true&returnTrueCurves=false&maxAllowableOffset=&geometryPrecision=&outSR=&havingClause=&returnIdsOnly=false&returnCountOnly=false&orderByFields=&groupByFieldsForStatistics=&outStatistics=&returnZ=false&returnM=false&gdbVersion=&historicMoment=&returnDistinctValues=false&resultOffset=&resultRecordCount=&returnExtentOnly=false&sqlFormat=none&datumTransformation=&parameterValues=&rangeValues=&quantizationParameters=&uniqueIds=&returnUniqueIdsOnly=false&featureEncoding=esriDefault&f=geojson,error,,,<HTTPError 404: 'Not Found'>
kyivcity,3870075f-4f65-4656-a125-4648ae220c3d,dani-pro-mistse-rozmishchennia-zupynok-miskoho-elektrychnoho-ta-avtomobilnoho-transpor-dep-transport,Дані про місце розміщення зупинок міського електричного та автомобільного транспорту,transport,549f54e3-a246-4b5c-845c-51be113073c1,stops,GeoJSON,https://gisserver-stage.kyivcity.gov.ua/mayno/rest/services/KYIV_API/transport_public/MapServer/0/query?where=1%3D1&text=&objectIds=&time=&timeRelation=esriTimeRelationOverlaps&geometry=&geometryType=esriGeometryEnvelope&inSR=&spatialRel=esriSpatialRelIntersects&distance=&units=esriSRUnit_Meter&relationParam=&outFields=*&returnGeometry=true&returnTrueCurves=false&maxAllowableOffset=&geometryPrecision=&outSR=&havingClause=&returnIdsOnly=false&returnCountOnly=false&orderByFields=&groupByFieldsForStatistics=&outStatistics=&returnZ=false&returnM=false&gdbVersion=&historicMoment=&returnDistinctValues=false&resultOffset=&resultRecordCount=&returnExtentOnly=false&sqlFormat=none&datumTransformation=&parameterValues=&rangeValues=&quantizationParameters=&uniqueIds=&returnUniqueIdsOnly=false&featureEncoding=esriDefault&f=geojson,error,,,<HTTPError 404: 'Not Found'>
kyivcity,7c3f3f34-8edd-484f-84c8-cfe16fc9f754,dani-pro-mistseznakhodzhennia-komunalnykh-konteineriv-za-katehoriiamy-konteinernykh-maidanc-dep-zhki,"Дані про місцезнаходження комунальних контейнерів (за категоріями), контейнерних майданчиків, місць прийому небезпечних відходів, вторинної сировини",improvements,7db5d553-5db2-4bd8-aba0-7bf489495055,containers.csv,CSV,https://data.kyivcity.gov.ua/dataset/7c3f3f34-8edd-484f-84c8-cfe16fc9f754/resource/7db5d553-5db2-4bd8-aba0-7bf489495055/download/containers.csv,already_exists,2333666,data/kyiv_resilience_data/kyivcity/dani-pro-mistseznakhodzhennia-komunalnykh-konteineriv-za-katehoriiamy-konteinernykh-maidanc-dep-zhki/containers_7db5d553-5db2-4bd8-aba0-7bf489495055.csv,
kyivcity,03cda853-1bcf-48de-87f5-7f664a2299df,dani-pro-mistseznakhodzhennia-komunalnykh-obiektiv-upravlinnia-vidkhodamy-ikh-ploshchi-ta-o-dep-zhki,"Дані про місцезнаходження комунальних об'єктів управління відходами, їх площі та обсяги надходжень",improvements,4934e66a-d63e-416e-911b-e086a7dd9c00,landfill.csv,CSV,https://data.kyivcity.gov.ua/dataset/03cda853-1bcf-48de-87f5-7f664a2299df/resource/4934e66a-d63e-416e-911b-e086a7dd9c00/download/landfill.csv,already_exists,3077,data/kyiv_resilience_data/kyivcity/dani-pro-mistseznakhodzhennia-komunalnykh-obiektiv-upravlinnia-vidkhodamy-ikh-ploshchi-ta-o-dep-zhki/landfill_4934e66a-d63e-416e-911b-e086a7dd9c00.csv,
kyivcity,c6e1f1fc-76cf-4814-9749-547389388f56,dani-pro-obiekty-ta-zasoby-torhivli-peresuvnoi-sezonnoi-toshcho-dep-industry,"Дані про об’єкти та засоби торгівлі (пересувної, сезонної тощо)",trade,5880f3f4-69ed-4c32-9f3f-54e623f78b66,commercialObjects_leased,GeoJSON,https://gisserver-stage.kyivcity.gov.ua/mayno/rest/services/%D0%A2%D0%BE%D1%80%D0%B3%D1%96%D0%B2%D0%BB%D1%8F/Prozorro_public/FeatureServer/2/query?where=type_object+NOT+IN+%28%27%D0%A2%D0%A1+%28%D0%9C%D0%90%D0%A4%29%27%2C+%27%D0%9F%D0%BE%D1%88%D1%82%D0%BE%D0%BC%D0%B0%D1%82%27%29&objectIds=&time=&geometry=&geometryType=esriGeometryEnvelope&inSR=&defaultSR=&spatialRel=esriSpatialRelIntersects&distance=&units=esriSRUnit_Foot&relationParam=&outFields=*&returnGeometry=true&maxAllowableOffset=&geometryPrecision=&outSR=4326&havingClause=&gdbVersion=&historicMoment=&returnDistinctValues=false&returnIdsOnly=false&returnCountOnly=false&returnExtentOnly=false&orderByFields=&groupByFieldsForStatistics=&outStatistics=&returnZ=false&returnM=false&multipatchOption=xyFootprint&resultOffset=&resultRecordCount=&returnTrueCurves=false&returnExceededLimitFeatures=false&quantizationParameters=&returnCentroid=false&timeReferenceUnknownClient=false&maxRecordCountFactor=&sqlFormat=none&resultType=&featureEncoding=esriDefault&datumTransformation=&cacheHint=false&f=geojson,error,,,<HTTPError 404: 'Not Found'>
kyivcity,c6e1f1fc-76cf-4814-9749-547389388f56,dani-pro-obiekty-ta-zasoby-torhivli-peresuvnoi-sezonnoi-toshcho-dep-industry,"Дані про об’єкти та засоби торгівлі (пересувної, сезонної тощо)",trade,1ed9ecb1-f3a0-4375-8d3f-86cc167f11fe,commercialObjects_auctioned,GeoJSON,https://gisserver-stage.kyivcity.gov.ua/mayno/rest/services/%D0%A2%D0%BE%D1%80%D0%B3%D1%96%D0%B2%D0%BB%D1%8F/Prozorro_public/FeatureServer/1/query?where=type_object+NOT+IN+%28%27%D0%A2%D0%A1+%28%D0%9C%D0%90%D0%A4%29%27%2C+%27%D0%9F%D0%BE%D1%88%D1%82%D0%BE%D0%BC%D0%B0%D1%82%27%29&objectIds=&time=&geometry=&geometryType=esriGeometryEnvelope&inSR=&defaultSR=&spatialRel=esriSpatialRelIntersects&distance=&units=esriSRUnit_Foot&relationParam=&outFields=*&returnGeometry=true&maxAllowableOffset=&geometryPrecision=&outSR=4326&havingClause=&gdbVersion=&historicMoment=&returnDistinctValues=false&returnIdsOnly=false&returnCountOnly=false&returnExtentOnly=false&orderByFields=&groupByFieldsForStatistics=&outStatistics=&returnZ=false&returnM=false&multipatchOption=xyFootprint&resultOffset=&resultRecordCount=&returnTrueCurves=false&returnExceededLimitFeatures=false&quantizationParameters=&returnCentroid=false&timeReferenceUnknownClient=false&maxRecordCountFactor=&sqlFormat=none&resultType=&featureEncoding=esriDefault&datumTransformation=&cacheHint=false&f=geojson,error,,,<HTTPError 404: 'Not Found'>
kyivcity,c6e1f1fc-76cf-4814-9749-547389388f56,dani-pro-obiekty-ta-zasoby-torhivli-peresuvnoi-sezonnoi-toshcho-dep-industry,"Дані про об’єкти та засоби торгівлі (пересувної, сезонної тощо)",trade,5118998b-c730-4570-9d87-f8939341aaeb,commercialObjects_free,GeoJSON,https://gisserver-stage.kyivcity.gov.ua/mayno/rest/services/%D0%A2%D0%BE%D1%80%D0%B3%D1%96%D0%B2%D0%BB%D1%8F/Prozorro_public/FeatureServer/0/query?where=type_object+NOT+IN+%28%27%D0%A2%D0%A1+%28%D0%9C%D0%90%D0%A4%29%27%2C+%27%D0%9F%D0%BE%D1%88%D1%82%D0%BE%D0%BC%D0%B0%D1%82%27%29&objectIds=&time=&geometry=&geometryType=esriGeometryEnvelope&inSR=&defaultSR=&spatialRel=esriSpatialRelIntersects&distance=&units=esriSRUnit_Foot&relationParam=&outFields=*&returnGeometry=true&maxAllowableOffset=&geometryPrecision=&outSR=4326&havingClause=&gdbVersion=&historicMoment=&returnDistinctValues=false&returnIdsOnly=false&returnCountOnly=false&returnExtentOnly=false&orderByFields=&groupByFieldsForStatistics=&outStatistics=&returnZ=false&returnM=false&multipatchOption=xyFootprint&resultOffset=&resultRecordCount=&returnTrueCurves=false&returnExceededLimitFeatures=false&quantizationParameters=&returnCentroid=false&timeReferenceUnknownClient=false&maxRecordCountFactor=&sqlFormat=none&resultType=&featureEncoding=esriDefault&datumTransformation=&cacheHint=false&f=geojson,error,,,<HTTPError 404: 'Not Found'>
kyivcity,a2a5ba88-4d5f-4050-ab9e-171cbe5cdc6a,dani-pro-parkuvannia-u-tomu-chysli-rozmishchennia-maidanchykiv-ikh-operatoriv-obladnan-dep-transport,"Дані про паркування, у тому числі розміщення майданчиків, їх операторів, обладнання та функціонування",infrastructure,5f34f3aa-c9de-4415-8419-3adb7561c4a3,parkingLots,GeoJSON,https://gisserver.kyivcity.gov.ua/mayno/rest/services/parking/Parking_ADM_INSP/MapServer/0/query?where=1%3D1&text=&objectIds=&time=&geometry=&geometryType=esriGeometryEnvelope&inSR=&spatialRel=esriSpatialRelIntersects&distance=&units=esriSRUnit_Foot&relationParam=&outFields=*&returnGeometry=true&returnTrueCurves=false&maxAllowableOffset=&geometryPrecision=&outSR=4326&havingClause=&returnIdsOnly=false&returnCountOnly=false&orderByFields=&groupByFieldsForStatistics=&outStatistics=&returnZ=false&returnM=false&gdbVersion=&historicMoment=&returnDistinctValues=false&resultOffset=&resultRecordCount=&returnExtentOnly=false&datumTransformation=&parameterValues=&rangeValues=&quantizationParameters=&featureEncoding=esriDefault&f=geojson,error,,,<HTTPError 404: 'Not Found'>
kyivcity,a2a5ba88-4d5f-4050-ab9e-171cbe5cdc6a,dani-pro-parkuvannia-u-tomu-chysli-rozmishchennia-maidanchykiv-ikh-operatoriv-obladnan-dep-transport,"Дані про паркування, у тому числі розміщення майданчиків, їх операторів, обладнання та функціонування",infrastructure,37184ee6-6f36-4a36-aad1-49d0d0c3e44c,operators.csv,CSV,https://data.kyivcity.gov.ua/dataset/a2a5ba88-4d5f-4050-ab9e-171cbe5cdc6a/resource/37184ee6-6f36-4a36-aad1-49d0d0c3e44c/download/operators.csv,already_exists,582,data/kyiv_resilience_data/kyivcity/dani-pro-parkuvannia-u-tomu-chysli-rozmishchennia-maidanchykiv-ikh-operatoriv-obladnan-dep-transport/operators_37184ee6-6f36-4a36-aad1-49d0d0c3e44c.csv,
kyivcity,8d3a8da8-9753-4676-9c4c-451090a3a50a,dani-pro-perekryttia-ta-remonty-dorih-u-misti-kyievi-dep-transport,Дані про перекриття та ремонти доріг у місті Києві,infrastructure,8a29f5a0-ca04-4058-b2af-4c75aef13550,roadClosures,GeoJSON,https://gisserver.kyivcity.gov.ua/mayno/rest/services/KYIV_API/%D0%9F%D0%B5%D1%80%D0%B5%D0%BA%D1%80%D0%B8%D1%82%D1%82%D1%8F/MapServer/0/query?where=1%3D1&outFields=*&outSR=4326&f=geojson,error,,,<HTTPError 404: 'Not Found'>
kyivcity,d8dc17f1-9e52-4f8b-a374-afb9432853b3,dani-pro-rozmishchennia-hromadskykh-vbyralen-komunalnoi-vlasnosti-dep-zhki,Дані про розміщення громадських вбиралень комунальної власності,improvements,97984d5d-5b67-4932-923a-ebe1f613e76d,37292855_publicToilets.csv,CSV,https://data.kyivcity.gov.ua/dataset/d8dc17f1-9e52-4f8b-a374-afb9432853b3/resource/97984d5d-5b67-4932-923a-ebe1f613e76d/download/37292855_publictoilets.csv,already_exists,25202,data/kyiv_resilience_data/kyivcity/dani-pro-rozmishchennia-hromadskykh-vbyralen-komunalnoi-vlasnosti-dep-zhki/37292855_publictoilets_97984d5d-5b67-4932-923a-ebe1f613e76d.csv,
kyivcity,d8dc17f1-9e52-4f8b-a374-afb9432853b3,dani-pro-rozmishchennia-hromadskykh-vbyralen-komunalnoi-vlasnosti-dep-zhki,Дані про розміщення громадських вбиралень комунальної власності,improvements,7912d823-1abd-4a61-9ae8-489c900958bc,publicToilets,GeoJSON,https://gisserver.kyivcity.gov.ua/mayno/rest/services/KYIV_API/WC/MapServer/0/query?where=1%3D1&outFields=*&outSR=4326&f=geojson,error,,,<HTTPError 404: 'Not Found'>
kyivcity,7067df6c-f9e3-4a39-8ed3-e7331bdb19e6,dani-pro-rozmishchennia-punktiv-nadannia-psykholohichnoi-dopomohy-ta-sotsialnoi-pidtrymky-aparat,Дані про розміщення пунктів надання психологічної допомоги та соціальної підтримки,health,6079c913-38dc-41cd-8c69-acb1230ce27b,mentalHelp,GeoJSON,https://gisserver.kyivcity.gov.ua/mayno/rest/services/KYIV_API/Mental_map/MapServer/0/query?where=1%3D1&outFields=*&outSR=4326&f=geojson,error,,,<HTTPError 404: 'Not Found'>
kyivcity,7067df6c-f9e3-4a39-8ed3-e7331bdb19e6,dani-pro-rozmishchennia-punktiv-nadannia-psykholohichnoi-dopomohy-ta-sotsialnoi-pidtrymky-aparat,Дані про розміщення пунктів надання психологічної допомоги та соціальної підтримки,health,7c8e032f-582a-44d6-b382-998e9bc09bd0,schoolsPsychologists,GeoJSON,https://gisserver.kyivcity.gov.ua/mayno/rest/services/KYIV_API/Mental_map/MapServer/1/query?where=1%3D1&outFields=*&outSR=4326&f=geojson,error,,,<HTTPError 404: 'Not Found'>
kyivcity,36267d74-8f0a-48c5-9f85-5cf2a0be0718,dani-pro-rozmishchennia-tymchasovykh-sporud-dlia-provadzhennia-pidpryiemnytskoi-dii-dep-architecture,Дані про розміщення тимчасових споруд для провадження підприємницької діяльності,trade,22368b91-c002-4a7c-83dd-38f52ec9a3a5,KyivProzoro_temporaryConstruction_leased,GeoJSON,https://gisserver-stage.kyivcity.gov.ua/mayno/rest/services/%D0%A2%D0%BE%D1%80%D0%B3%D1%96%D0%B2%D0%BB%D1%8F/Prozorro_public/FeatureServer/2/query?where=type_object+%3D+%27%D0%A2%D0%A1+%28%D0%9C%D0%90%D0%A4%29%27+OR+type_object+%3D+%27%D0%9F%D0%BE%D1%88%D1%82%D0%BE%D0%BC%D0%B0%D1%82%27&objectIds=&time=&geometry=&geometryType=esriGeometryEnvelope&inSR=&defaultSR=&spatialRel=esriSpatialRelIntersects&distance=&units=esriSRUnit_Foot&relationParam=&outFields=*&returnGeometry=true&maxAllowableOffset=&geometryPrecision=&outSR=4326&havingClause=&gdbVersion=&historicMoment=&returnDistinctValues=false&returnIdsOnly=false&returnCountOnly=false&returnExtentOnly=false&orderByFields=&groupByFieldsForStatistics=&outStatistics=&returnZ=false&returnM=false&multipatchOption=xyFootprint&resultOffset=&resultRecordCount=&returnTrueCurves=false&returnExceededLimitFeatures=false&quantizationParameters=&returnCentroid=false&timeReferenceUnknownClient=false&maxRecordCountFactor=&sqlFormat=none&resultType=&featureEncoding=esriDefault&datumTransformation=&cacheHint=false&f=geojson,error,,,<HTTPError 404: 'Not Found'>
kyivcity,36267d74-8f0a-48c5-9f85-5cf2a0be0718,dani-pro-rozmishchennia-tymchasovykh-sporud-dlia-provadzhennia-pidpryiemnytskoi-dii-dep-architecture,Дані про розміщення тимчасових споруд для провадження підприємницької діяльності,trade,06bd029d-e059-430f-bd2c-631cd9140bb7,KyivProzoro_temporaryConstruction_auctioned,GeoJSON,https://gisserver-stage.kyivcity.gov.ua/mayno/rest/services/%D0%A2%D0%BE%D1%80%D0%B3%D1%96%D0%B2%D0%BB%D1%8F/Prozorro_public/FeatureServer/1/query?where=type_object+%3D+%27%D0%A2%D0%A1+%28%D0%9C%D0%90%D0%A4%29%27+OR+type_object+%3D+%27%D0%9F%D0%BE%D1%88%D1%82%D0%BE%D0%BC%D0%B0%D1%82%27&objectIds=&time=&geometry=&geometryType=esriGeometryEnvelope&inSR=&defaultSR=&spatialRel=esriSpatialRelIntersects&distance=&units=esriSRUnit_Foot&relationParam=&outFields=*&returnGeometry=true&maxAllowableOffset=&geometryPrecision=&outSR=4326&havingClause=&gdbVersion=&historicMoment=&returnDistinctValues=false&returnIdsOnly=false&returnCountOnly=false&returnExtentOnly=false&orderByFields=&groupByFieldsForStatistics=&outStatistics=&returnZ=false&returnM=false&multipatchOption=xyFootprint&resultOffset=&resultRecordCount=&returnTrueCurves=false&returnExceededLimitFeatures=false&quantizationParameters=&returnCentroid=false&timeReferenceUnknownClient=false&maxRecordCountFactor=&sqlFormat=none&resultType=&featureEncoding=esriDefault&datumTransformation=&cacheHint=false&f=geojson,error,,,<HTTPError 404: 'Not Found'>
kyivcity,36267d74-8f0a-48c5-9f85-5cf2a0be0718,dani-pro-rozmishchennia-tymchasovykh-sporud-dlia-provadzhennia-pidpryiemnytskoi-dii-dep-architecture,Дані про розміщення тимчасових споруд для провадження підприємницької діяльності,trade,4bba116b-17ab-4eab-9793-ba5549b020cb,KyivProzoro_temporaryConstruction_free,GeoJSON,https://gisserver-stage.kyivcity.gov.ua/mayno/rest/services/%D0%A2%D0%BE%D1%80%D0%B3%D1%96%D0%B2%D0%BB%D1%8F/Prozorro_public/FeatureServer/0/query?where=type_object+%3D+%27%D0%A2%D0%A1+%28%D0%9C%D0%90%D0%A4%29%27+OR+type_object+%3D+%27%D0%9F%D0%BE%D1%88%D1%82%D0%BE%D0%BC%D0%B0%D1%82%27&objectIds=&time=&geometry=&geometryType=esriGeometryEnvelope&inSR=&defaultSR=&spatialRel=esriSpatialRelIntersects&distance=&units=esriSRUnit_Foot&relationParam=&outFields=*&returnGeometry=true&maxAllowableOffset=&geometryPrecision=&outSR=4326&havingClause=&gdbVersion=&historicMoment=&returnDistinctValues=false&returnIdsOnly=false&returnCountOnly=false&returnExtentOnly=false&orderByFields=&groupByFieldsForStatistics=&outStatistics=&returnZ=false&returnM=false&multipatchOption=xyFootprint&resultOffset=&resultRecordCount=&returnTrueCurves=false&returnExceededLimitFeatures=false&quantizationParameters=&returnCentroid=false&timeReferenceUnknownClient=false&maxRecordCountFactor=&sqlFormat=none&resultType=&featureEncoding=esriDefault&datumTransformation=&cacheHint=false&f=geojson,error,,,<HTTPError 404: 'Not Found'>
kyivcity,36267d74-8f0a-48c5-9f85-5cf2a0be0718,dani-pro-rozmishchennia-tymchasovykh-sporud-dlia-provadzhennia-pidpryiemnytskoi-dii-dep-architecture,Дані про розміщення тимчасових споруд для провадження підприємницької діяльності,trade,17429bd2-1f15-46af-912a-898a559997bd,temporaryConstruction_participationAgreement.csv,CSV,https://data.kyivcity.gov.ua/dataset/36267d74-8f0a-48c5-9f85-5cf2a0be0718/resource/17429bd2-1f15-46af-912a-898a559997bd/download/temporaryconstruction_participationagreement.csv,already_exists,1275676,data/kyiv_resilience_data/kyivcity/dani-pro-rozmishchennia-tymchasovykh-sporud-dlia-provadzhennia-pidpryiemnytskoi-dii-dep-architecture/temporaryconstruction_participationagreement_17429bd2-1f15-46af-912a-898a559997bd.csv,
kyivcity,36267d74-8f0a-48c5-9f85-5cf2a0be0718,dani-pro-rozmishchennia-tymchasovykh-sporud-dlia-provadzhennia-pidpryiemnytskoi-dii-dep-architecture,Дані про розміщення тимчасових споруд для провадження підприємницької діяльності,trade,e6d85d9a-b6ee-411c-ae55-c2f91685a45c,temporaryConstruction_passportBased.csv,CSV,https://data.kyivcity.gov.ua/dataset/36267d74-8f0a-48c5-9f85-5cf2a0be0718/resource/e6d85d9a-b6ee-411c-ae55-c2f91685a45c/download/temporaryconstruction_passportbased.csv,already_exists,1907389,data/kyiv_resilience_data/kyivcity/dani-pro-rozmishchennia-tymchasovykh-sporud-dlia-provadzhennia-pidpryiemnytskoi-dii-dep-architecture/temporaryconstruction_passportbased_e6d85d9a-b6ee-411c-ae55-c2f91685a45c.csv,
kyivcity,29f8a002-099a-45e3-9b9a-aeda213b17cb,dani-pro-roztashuvannia-punktiv-obihrivu-punktiv-nezlamnosti-v-misti-kyievi-dep-municipal,Дані про розташування пунктів обігріву (пунктів незламності) в місті Києві,safety,c16b8964-7f8e-49ee-8f34-5cc8c4b38d2d,pointsOfInvincibility,GeoJSON,https://gisserver-stage.kyivcity.gov.ua/mayno/rest/services/KYIV_API/Public_protection/MapServer/1/query?where=1%3D1&text=&objectIds=&time=&timeRelation=esriTimeRelationOverlaps&geometry=&geometryType=esriGeometryEnvelope&inSR=&spatialRel=esriSpatialRelIntersects&distance=&units=esriSRUnit_Foot&relationParam=&outFields=*&returnGeometry=true&returnTrueCurves=false&maxAllowableOffset=&geometryPrecision=&outSR=&havingClause=&returnIdsOnly=false&returnCountOnly=false&orderByFields=&groupByFieldsForStatistics=&outStatistics=&returnZ=false&returnM=false&gdbVersion=&historicMoment=&returnDistinctValues=false&resultOffset=&resultRecordCount=&returnExtentOnly=false&sqlFormat=none&datumTransformation=&parameterValues=&rangeValues=&quantizationParameters=&uniqueIds=&returnUniqueIdsOnly=false&featureEncoding=esriDefault&f=geojson,error,,,<HTTPError 404: 'Not Found'>
kyivcity,b777ec20-703d-452b-bac2-608d820b1e7a,dani-pro-roztashuvannia-zakhysnykh-sporud-tsyvilnoho-zakhystu-dep-municipal,Дані про розташування захисних споруд цивільного захисту,safety,379a7295-22ae-4031-8aaf-2a5e7c8df178,shelters,GeoJSON,https://gisserver-stage.kyivcity.gov.ua/mayno/rest/services/KYIV_API/Public_protection/MapServer/0/query?where=1%3D1&text=&objectIds=&time=&timeRelation=esriTimeRelationOverlaps&geometry=&geometryType=esriGeometryEnvelope&inSR=&spatialRel=esriSpatialRelIntersects&distance=&units=esriSRUnit_Foot&relationParam=&outFields=*&returnGeometry=true&returnTrueCurves=false&maxAllowableOffset=&geometryPrecision=&outSR=&havingClause=&returnIdsOnly=false&returnCountOnly=false&orderByFields=&groupByFieldsForStatistics=&outStatistics=&returnZ=false&returnM=false&gdbVersion=&historicMoment=&returnDistinctValues=false&resultOffset=&resultRecordCount=&returnExtentOnly=false&sqlFormat=none&datumTransformation=&parameterValues=&rangeValues=&quantizationParameters=&uniqueIds=&returnUniqueIdsOnly=false&featureEncoding=esriDefault&f=geojson,error,,,<HTTPError 404: 'Not Found'>
kyivcity,d5755e10-92dc-4e74-8f50-55860ebc897c,dani-pro-taryfy-na-komunalni-posluhy-iaki-zatverdzhuiutsia-orhanom-mistsevoho-samovriadu-dep-economy,"Дані про тарифи на комунальні послуги, які затверджуються органом місцевого самоврядування",economy,ecb93010-cb10-4753-bae8-2ce3fe05ce66,tariffs.csv,CSV,https://data.kyivcity.gov.ua/uploads/versions/version_cd1c8ffe_v1.2.csv,already_exists,1771576,data/kyiv_resilience_data/kyivcity/dani-pro-taryfy-na-komunalni-posluhy-iaki-zatverdzhuiutsia-orhanom-mistsevoho-samovriadu-dep-economy/tariffs_ecb93010-cb10-4753-bae8-2ce3fe05ce66.csv,
kyivcity,45b01733-94e4-4eae-8d2c-a6c969d27774,dani-pro-zaklady-doshkilnoi-osvity-dep-education,Дані про заклади дошкільної освіти,education,faf8934c-dac6-4b9b-9f53-fb7cefcfef8b,preschools,JSON,https://osvita.kyivcity.gov.ua/v1/kindergartens/list_gr_s?period_start=2025,already_exists,2642519,data/kyiv_resilience_data/kyivcity/dani-pro-zaklady-doshkilnoi-osvity-dep-education/preschools_faf8934c-dac6-4b9b-9f53-fb7cefcfef8b.json,
kyivcity,aa754166-d727-4709-a632-b11db983dbb0,dani-pro-zaklady-profesiinoi-profesiino-tekhnichnoi-osvity-dep-education,Дані про заклади професійної (професійно-технічної) освіти,education,1130c964-c340-474c-a793-e93e8ae4e356,VETproviders.csv,CSV,https://data.kyivcity.gov.ua/dataset/aa754166-d727-4709-a632-b11db983dbb0/resource/1130c964-c340-474c-a793-e93e8ae4e356/download/vetproviders.csv,already_exists,17805,data/kyiv_resilience_data/kyivcity/dani-pro-zaklady-profesiinoi-profesiino-tekhnichnoi-osvity-dep-education/vetproviders_1130c964-c340-474c-a793-e93e8ae4e356.csv,
kyivcity,44886b70-32ed-4903-983e-4274a7832237,dovidnyk-pidpryiemstv-ustanov-orhanizatsii-shcho-nalezhat-do-sfery-upravlinnia-rozporiadnyka--aparat,"Довідник підприємств, установ, організацій, що належать до сфери управління розпорядника інформації, та територіальних органів розпорядника інформації, зокрема їх ідентифікаційних кодів юридичної особи в Єдиному державному реєстрі підприємств і організацій України, офіційних веб-сайтів, адрес електронної пошти, номерів телефонів, адрес місцезнаходження",managersstructure,1caf3a8d-a8bc-4a92-afd3-c4c7de0761f3,posts.csv,CSV,https://data.kyivcity.gov.ua/dataset/44886b70-32ed-4903-983e-4274a7832237/resource/1caf3a8d-a8bc-4a92-afd3-c4c7de0761f3/download/posts.csv,already_exists,23433,data/kyiv_resilience_data/kyivcity/dovidnyk-pidpryiemstv-ustanov-orhanizatsii-shcho-nalezhat-do-sfery-upravlinnia-rozporiadnyka--aparat/posts_1caf3a8d-a8bc-4a92-afd3-c4c7de0761f3.csv,
kyivcity,44886b70-32ed-4903-983e-4274a7832237,dovidnyk-pidpryiemstv-ustanov-orhanizatsii-shcho-nalezhat-do-sfery-upravlinnia-rozporiadnyka--aparat,"Довідник підприємств, установ, організацій, що належать до сфери управління розпорядника інформації, та територіальних органів розпорядника інформації, зокрема їх ідентифікаційних кодів юридичної особи в Єдиному державному реєстрі підприємств і організацій України, офіційних веб-сайтів, адрес електронної пошти, номерів телефонів, адрес місцезнаходження",managersstructure,a886e882-715b-4bac-8323-5bf26bc923bf,organizations.csv,CSV,https://data.kyivcity.gov.ua/dataset/44886b70-32ed-4903-983e-4274a7832237/resource/a886e882-715b-4bac-8323-5bf26bc923bf/download/organizations.csv,already_exists,398729,data/kyiv_resilience_data/kyivcity/dovidnyk-pidpryiemstv-ustanov-orhanizatsii-shcho-nalezhat-do-sfery-upravlinnia-rozporiadnyka--aparat/organizations_a886e882-715b-4bac-8323-5bf26bc923bf.csv,
kyivcity,44886b70-32ed-4903-983e-4274a7832237,dovidnyk-pidpryiemstv-ustanov-orhanizatsii-shcho-nalezhat-do-sfery-upravlinnia-rozporiadnyka--aparat,"Довідник підприємств, установ, організацій, що належать до сфери управління розпорядника інформації, та територіальних органів розпорядника інформації, зокрема їх ідентифікаційних кодів юридичної особи в Єдиному державному реєстрі підприємств і організацій України, офіційних веб-сайтів, адрес електронної пошти, номерів телефонів, адрес місцезнаходження",managersstructure,27da73b8-45b5-4d3d-96fc-9b0506983856,organizationUnits.csv,CSV,https://data.kyivcity.gov.ua/dataset/44886b70-32ed-4903-983e-4274a7832237/resource/27da73b8-45b5-4d3d-96fc-9b0506983856/download/organizationunits.csv,already_exists,488986,data/kyiv_resilience_data/kyivcity/dovidnyk-pidpryiemstv-ustanov-orhanizatsii-shcho-nalezhat-do-sfery-upravlinnia-rozporiadnyka--aparat/organizationunits_27da73b8-45b5-4d3d-96fc-9b0506983856.csv,
kyivcity,59d679e4-6b00-46d9-b670-b324f1298b40,dovidnyk-pidpryiemstv-ustanov-orhanizatsii-ta-terytorialnykh-orhaniv-raionnykh-v-misti-kyievi-aparat,"Довідник підприємств, установ, організацій та територіальних органів районних в місті Києві державних адміністрацій та організацій, що належать до сфери управління, у тому числі їх ідентифікаційних кодів в Єдиному державному реєстрі юридичних осіб, фізичних осіб - підприємців та громадських формувань, офіційних веб-сайтів, адрес електронної пошти, номерів телефонів, місцезнаходження",managersstructure,95d86f98-c072-4fe3-8a7f-16ff345db2bb,organizations.csv,CSV,https://data.kyivcity.gov.ua/dataset/59d679e4-6b00-46d9-b670-b324f1298b40/resource/95d86f98-c072-4fe3-8a7f-16ff345db2bb/download/organizations.csv,already_exists,1093121,data/kyiv_resilience_data/kyivcity/dovidnyk-pidpryiemstv-ustanov-orhanizatsii-ta-terytorialnykh-orhaniv-raionnykh-v-misti-kyievi-aparat/organizations_95d86f98-c072-4fe3-8a7f-16ff345db2bb.csv,
kyivcity,59d679e4-6b00-46d9-b670-b324f1298b40,dovidnyk-pidpryiemstv-ustanov-orhanizatsii-ta-terytorialnykh-orhaniv-raionnykh-v-misti-kyievi-aparat,"Довідник підприємств, установ, організацій та територіальних органів районних в місті Києві державних адміністрацій та організацій, що належать до сфери управління, у тому числі їх ідентифікаційних кодів в Єдиному державному реєстрі юридичних осіб, фізичних осіб - підприємців та громадських формувань, офіційних веб-сайтів, адрес електронної пошти, номерів телефонів, місцезнаходження",managersstructure,ac930dfb-64c0-44ac-8ebf-2f20d917f489,organizationsUnits.csv,CSV,https://data.kyivcity.gov.ua/dataset/59d679e4-6b00-46d9-b670-b324f1298b40/resource/ac930dfb-64c0-44ac-8ebf-2f20d917f489/download/organizationsunits.csv,already_exists,484776,data/kyiv_resilience_data/kyivcity/dovidnyk-pidpryiemstv-ustanov-orhanizatsii-ta-terytorialnykh-orhaniv-raionnykh-v-misti-kyievi-aparat/organizationsunits_ac930dfb-64c0-44ac-8ebf-2f20d917f489.csv,
kyivcity,59d679e4-6b00-46d9-b670-b324f1298b40,dovidnyk-pidpryiemstv-ustanov-orhanizatsii-ta-terytorialnykh-orhaniv-raionnykh-v-misti-kyievi-aparat,"Довідник підприємств, установ, організацій та територіальних органів районних в місті Києві державних адміністрацій та організацій, що належать до сфери управління, у тому числі їх ідентифікаційних кодів в Єдиному державному реєстрі юридичних осіб, фізичних осіб - підприємців та громадських формувань, офіційних веб-сайтів, адрес електронної пошти, номерів телефонів, місцезнаходження",managersstructure,4431d4dc-cf50-4f73-94c0-7dc2db4efe14,posts.csv,CSV,https://data.kyivcity.gov.ua/dataset/59d679e4-6b00-46d9-b670-b324f1298b40/resource/4431d4dc-cf50-4f73-94c0-7dc2db4efe14/download/posts.csv,already_exists,50906,data/kyiv_resilience_data/kyivcity/dovidnyk-pidpryiemstv-ustanov-orhanizatsii-ta-terytorialnykh-orhaniv-raionnykh-v-misti-kyievi-aparat/posts_4431d4dc-cf50-4f73-94c0-7dc2db4efe14.csv,
kyivcity,dc5b21ba-8d5c-4f49-a8a7-88a90020480d,perelik-pereviznykiv-shcho-nadaiut-transportni-posluhy-z-perevezennia-pasazhyriv-misky-dep-transport,"Перелік перевізників, що надають транспортні послуги з перевезення пасажирів міським електричним та автомобільним транспортом, зокрема маршрути перевезень",transport,dac5b778-0bf9-454a-aa21-6a16dae97083,agency.csv,CSV,https://data.kyivcity.gov.ua/dataset/dc5b21ba-8d5c-4f49-a8a7-88a90020480d/resource/dac5b778-0bf9-454a-aa21-6a16dae97083/download/agency.csv,already_exists,2167,data/kyiv_resilience_data/kyivcity/perelik-pereviznykiv-shcho-nadaiut-transportni-posluhy-z-perevezennia-pasazhyriv-misky-dep-transport/agency_dac5b778-0bf9-454a-aa21-6a16dae97083.csv,
kyivcity,0f67b9df-a67b-4c92-9e20-ae14e8937a65,perelik-sportyvnykh-shkil-dep-sport,Перелік спортивних шкіл,education,60475ad7-98da-4fa1-8bbd-b336ada8930e,sportSchools.json,JSON,https://data.kyivcity.gov.ua/uploads/versions/version_57027f91_v1.1.json,already_exists,67856,data/kyiv_resilience_data/kyivcity/perelik-sportyvnykh-shkil-dep-sport/sportschools_60475ad7-98da-4fa1-8bbd-b336ada8930e.json,
kyivcity,32003b24-4af7-4f8a-80f0-0a79131d2adb,pereliky-osbb-ta-zhbk-dep-zhki,Переліки ОСББ та ЖБК,infrastructure,44486b77-c141-4dd2-811a-32c26793c1ad,organization.csv,CSV,https://data.kyivcity.gov.ua/dataset/32003b24-4af7-4f8a-80f0-0a79131d2adb/resource/44486b77-c141-4dd2-811a-32c26793c1ad/download/organization.csv,already_exists,915616,data/kyiv_resilience_data/kyivcity/pereliky-osbb-ta-zhbk-dep-zhki/organization_44486b77-c141-4dd2-811a-32c26793c1ad.csv,
kyivcity,b424650f-c5b1-4a0c-bffb-51c63fd99560,reiestr-pidpryiemstv-ta-orhanizatsii-iaki-zdiisniuiut-obsluhovuvannia-zhytlovoho-fondu-na-t-dep-zhki,"Реєстр підприємств та організацій, які здійснюють обслуговування житлового фонду на території міста Києва",infrastructure,970637ef-ff5e-42d9-8d51-9ac3893af9d6,areaServed.csv,CSV,https://data.kyivcity.gov.ua/dataset/b424650f-c5b1-4a0c-bffb-51c63fd99560/resource/970637ef-ff5e-42d9-8d51-9ac3893af9d6/download/areaserved.csv,already_exists,3117942,data/kyiv_resilience_data/kyivcity/reiestr-pidpryiemstv-ta-orhanizatsii-iaki-zdiisniuiut-obsluhovuvannia-zhytlovoho-fondu-na-t-dep-zhki/areaserved_970637ef-ff5e-42d9-8d51-9ac3893af9d6.csv,
kyivcity,b424650f-c5b1-4a0c-bffb-51c63fd99560,reiestr-pidpryiemstv-ta-orhanizatsii-iaki-zdiisniuiut-obsluhovuvannia-zhytlovoho-fondu-na-t-dep-zhki,"Реєстр підприємств та організацій, які здійснюють обслуговування житлового фонду на території міста Києва",infrastructure,a8222ff7-d9fe-496f-b479-d53f65176beb,provider.csv,CSV,https://data.kyivcity.gov.ua/dataset/b424650f-c5b1-4a0c-bffb-51c63fd99560/resource/a8222ff7-d9fe-496f-b479-d53f65176beb/download/provider.csv,already_exists,10571,data/kyiv_resilience_data/kyivcity/reiestr-pidpryiemstv-ta-orhanizatsii-iaki-zdiisniuiut-obsluhovuvannia-zhytlovoho-fondu-na-t-dep-zhki/provider_a8222ff7-d9fe-496f-b479-d53f65176beb.csv,
kyivcity,7b958c05-43ba-4ae5-b541-01904d658030,rozklad-rukhu-miskoho-elektrychnoho-ta-avtomobilnoho-transportu-dep-transport,Розклад руху міського електричного та автомобільного транспорту,transport,58f0c3d0-9409-4de9-92c8-de4afa035efd,GTFSStatic,TXT,http://193.23.225.211:8002/export-gtfs-static,already_exists,1168292,data/kyiv_resilience_data/kyivcity/rozklad-rukhu-miskoho-elektrychnoho-ta-avtomobilnoho-transportu-dep-transport/gtfsstatic_58f0c3d0-9409-4de9-92c8-de4afa035efd.txt,
kyivcity,7b958c05-43ba-4ae5-b541-01904d658030,rozklad-rukhu-miskoho-elektrychnoho-ta-avtomobilnoho-transportu-dep-transport,Розклад руху міського електричного та автомобільного транспорту,transport,4b2dec17-7553-4317-a361-3f23be3b300f,stopsInterchangeKyivCityExpress,JSON,https://gisserver-stage.kyivcity.gov.ua/mayno/rest/services/KYIV_API/transport_public/MapServer/21/query?where=1%3D1&text=&objectIds=&time=&timeRelation=esriTimeRelationOverlaps&geometry=&geometryType=esriGeometryEnvelope&inSR=&spatialRel=esriSpatialRelIntersects&distance=&units=esriSRUnit_Foot&relationParam=&outFields=*&returnGeometry=true&returnTrueCurves=false&maxAllowableOffset=&geometryPrecision=&outSR=&havingClause=&returnIdsOnly=false&returnCountOnly=false&orderByFields=&groupByFieldsForStatistics=&outStatistics=&returnZ=false&returnM=false&gdbVersion=&historicMoment=&returnDistinctValues=false&resultOffset=&resultRecordCount=&returnExtentOnly=false&sqlFormat=none&datumTransformation=&parameterValues=&rangeValues=&quantizationParameters=&uniqueIds=&returnUniqueIdsOnly=false&featureEncoding=esriDefault&f=json,error,,,<HTTPError 404: 'Not Found'>
kyivcity,7b958c05-43ba-4ae5-b541-01904d658030,rozklad-rukhu-miskoho-elektrychnoho-ta-avtomobilnoho-transportu-dep-transport,Розклад руху міського електричного та автомобільного транспорту,transport,294c28b3-b32d-4957-ba59-b8f866140324,stopsKyivCityExpress,GeoJSON,https://gisserver-stage.kyivcity.gov.ua/mayno/rest/services/KYIV_API/transport_public/MapServer/10/query?where=1%3D1&text=&objectIds=&time=&timeRelation=esriTimeRelationOverlaps&geometry=&geometryType=esriGeometryEnvelope&inSR=&spatialRel=esriSpatialRelIntersects&distance=&units=esriSRUnit_Meter&relationParam=&outFields=*&returnGeometry=true&returnTrueCurves=false&maxAllowableOffset=&geometryPrecision=&outSR=&havingClause=&returnIdsOnly=false&returnCountOnly=false&orderByFields=&groupByFieldsForStatistics=&outStatistics=&returnZ=false&returnM=false&gdbVersion=&historicMoment=&returnDistinctValues=false&resultOffset=&resultRecordCount=&returnExtentOnly=false&sqlFormat=none&datumTransformation=&parameterValues=&rangeValues=&quantizationParameters=&uniqueIds=&returnUniqueIdsOnly=false&featureEncoding=esriDefault&f=geojson,error,,,<HTTPError 404: 'Not Found'>
kyivcity,7b958c05-43ba-4ae5-b541-01904d658030,rozklad-rukhu-miskoho-elektrychnoho-ta-avtomobilnoho-transportu-dep-transport,Розклад руху міського електричного та автомобільного транспорту,transport,77325f5c-57d0-4f79-844a-cc73675f9743,routeTaxi,GeoJSON,https://gisserver-stage.kyivcity.gov.ua/mayno/rest/services/KYIV_API/transport_public/MapServer/1/query?where=1%3D1&text=&objectIds=&time=&timeRelation=esriTimeRelationOverlaps&geometry=&geometryType=esriGeometryEnvelope&inSR=&spatialRel=esriSpatialRelIntersects&distance=&units=esriSRUnit_Meter&relationParam=&outFields=*&returnGeometry=true&returnTrueCurves=false&maxAllowableOffset=&geometryPrecision=&outSR=&havingClause=&returnIdsOnly=false&returnCountOnly=false&orderByFields=&groupByFieldsForStatistics=&outStatistics=&returnZ=false&returnM=false&gdbVersion=&historicMoment=&returnDistinctValues=false&resultOffset=&resultRecordCount=&returnExtentOnly=false&sqlFormat=none&datumTransformation=&parameterValues=&rangeValues=&quantizationParameters=&uniqueIds=&returnUniqueIdsOnly=false&featureEncoding=esriDefault&f=geojson,error,,,<HTTPError 404: 'Not Found'>
kyivcity,7b958c05-43ba-4ae5-b541-01904d658030,rozklad-rukhu-miskoho-elektrychnoho-ta-avtomobilnoho-transportu-dep-transport,Розклад руху міського електричного та автомобільного транспорту,transport,e9d7590e-55ff-4d5d-8b5a-251900ef1967,routes,CSV,https://data.kyivcity.gov.ua/dataset/7b958c05-43ba-4ae5-b541-01904d658030/resource/e9d7590e-55ff-4d5d-8b5a-251900ef1967/download/routes.csv,already_exists,25490,data/kyiv_resilience_data/kyivcity/rozklad-rukhu-miskoho-elektrychnoho-ta-avtomobilnoho-transportu-dep-transport/routes_e9d7590e-55ff-4d5d-8b5a-251900ef1967.csv,
kyivcity,7b958c05-43ba-4ae5-b541-01904d658030,rozklad-rukhu-miskoho-elektrychnoho-ta-avtomobilnoho-transportu-dep-transport,Розклад руху міського електричного та автомобільного транспорту,transport,c4d2ed78-4335-4c79-8e41-1d2954d03931,stopTimesKyivCityExpress,JSON,https://gisserver-stage.kyivcity.gov.ua/mayno/rest/services/KYIV_API/transport_public/MapServer/20/query?where=1%3D1&text=&objectIds=&time=&timeRelation=esriTimeRelationOverlaps&geometry=&geometryType=esriGeometryEnvelope&inSR=&spatialRel=esriSpatialRelIntersects&distance=&units=esriSRUnit_Foot&relationParam=&outFields=*&returnGeometry=true&returnTrueCurves=false&maxAllowableOffset=&geometryPrecision=&outSR=&havingClause=&returnIdsOnly=false&returnCountOnly=false&orderByFields=&groupByFieldsForStatistics=&outStatistics=&returnZ=false&returnM=false&gdbVersion=&historicMoment=&returnDistinctValues=false&resultOffset=&resultRecordCount=&returnExtentOnly=false&sqlFormat=none&datumTransformation=&parameterValues=&rangeValues=&quantizationParameters=&uniqueIds=&returnUniqueIdsOnly=false&featureEncoding=esriDefault&f=pjson,error,,,<HTTPError 404: 'Not Found'>
kyivcity,7b958c05-43ba-4ae5-b541-01904d658030,rozklad-rukhu-miskoho-elektrychnoho-ta-avtomobilnoho-transportu-dep-transport,Розклад руху міського електричного та автомобільного транспорту,transport,a4fd8556-025a-4e14-bc75-99e4c018d2b9,kyivCityExpress,GeoJSON,https://gisserver-stage.kyivcity.gov.ua/mayno/rest/services/KYIV_API/transport_public/MapServer/11/query?where=1%3D1&text=&objectIds=&time=&timeRelation=esriTimeRelationOverlaps&geometry=&geometryType=esriGeometryEnvelope&inSR=&spatialRel=esriSpatialRelIntersects&distance=&units=esriSRUnit_Foot&relationParam=&outFields=*&returnGeometry=true&returnTrueCurves=false&maxAllowableOffset=&geometryPrecision=&outSR=&havingClause=&returnIdsOnly=false&returnCountOnly=false&orderByFields=&groupByFieldsForStatistics=&outStatistics=&returnZ=false&returnM=false&gdbVersion=&historicMoment=&returnDistinctValues=false&resultOffset=&resultRecordCount=&returnExtentOnly=false&sqlFormat=none&datumTransformation=&parameterValues=&rangeValues=&quantizationParameters=&uniqueIds=&returnUniqueIdsOnly=false&featureEncoding=esriDefault&f=geojson,error,,,<HTTPError 404: 'Not Found'>
kyivcity,7b958c05-43ba-4ae5-b541-01904d658030,rozklad-rukhu-miskoho-elektrychnoho-ta-avtomobilnoho-transportu-dep-transport,Розклад руху міського електричного та автомобільного транспорту,transport,3ca6d5c4-7e00-4e8f-a2e7-bedfe61237f4,stopsInterchangeKyivFunicular,JSON,https://gisserver-stage.kyivcity.gov.ua/mayno/rest/services/KYIV_API/transport_public/MapServer/19/query?where=1%3D1&text=&objectIds=&time=&timeRelation=esriTimeRelationOverlaps&geometry=&geometryType=esriGeometryEnvelope&inSR=&spatialRel=esriSpatialRelIntersects&distance=&units=esriSRUnit_Foot&relationParam=&outFields=*&returnGeometry=true&returnTrueCurves=false&maxAllowableOffset=&geometryPrecision=&outSR=&havingClause=&returnIdsOnly=false&returnCountOnly=false&orderByFields=&groupByFieldsForStatistics=&outStatistics=&returnZ=false&returnM=false&gdbVersion=&historicMoment=&returnDistinctValues=false&resultOffset=&resultRecordCount=&returnExtentOnly=false&sqlFormat=none&datumTransformation=&parameterValues=&rangeValues=&quantizationParameters=&uniqueIds=&returnUniqueIdsOnly=false&featureEncoding=esriDefault&f=pjson,error,,,<HTTPError 404: 'Not Found'>
kyivcity,7b958c05-43ba-4ae5-b541-01904d658030,rozklad-rukhu-miskoho-elektrychnoho-ta-avtomobilnoho-transportu-dep-transport,Розклад руху міського електричного та автомобільного транспорту,transport,53cb69a6-6478-4799-abd5-3380a26d6f58,timePeriodKyivFunicular,JSON,https://gisserver-stage.kyivcity.gov.ua/mayno/rest/services/KYIV_API/transport_public/MapServer/18/query?where=1%3D1&text=&objectIds=&time=&timeRelation=esriTimeRelationOverlaps&geometry=&geometryType=esriGeometryEnvelope&inSR=&spatialRel=esriSpatialRelIntersects&distance=&units=esriSRUnit_Foot&relationParam=&outFields=*&returnGeometry=true&returnTrueCurves=false&maxAllowableOffset=&geometryPrecision=&outSR=&havingClause=&returnIdsOnly=false&returnCountOnly=false&orderByFields=&groupByFieldsForStatistics=&outStatistics=&returnZ=false&returnM=false&gdbVersion=&historicMoment=&returnDistinctValues=false&resultOffset=&resultRecordCount=&returnExtentOnly=false&sqlFormat=none&datumTransformation=&parameterValues=&rangeValues=&quantizationParameters=&uniqueIds=&returnUniqueIdsOnly=false&featureEncoding=esriDefault&f=pjson,error,,,<HTTPError 404: 'Not Found'>
kyivcity,7b958c05-43ba-4ae5-b541-01904d658030,rozklad-rukhu-miskoho-elektrychnoho-ta-avtomobilnoho-transportu-dep-transport,Розклад руху міського електричного та автомобільного транспорту,transport,045dfda9-a8cf-4704-8012-f6f8ea05864e,stopTimesKyivFunicular,JSON,https://gisserver-stage.kyivcity.gov.ua/mayno/rest/services/KYIV_API/transport_public/MapServer/17/query?where=&text=&objectIds=&time=&timeRelation=esriTimeRelationOverlaps&geometry=&geometryType=esriGeometryEnvelope&inSR=&spatialRel=esriSpatialRelIntersects&distance=&units=esriSRUnit_Foot&relationParam=&outFields=*&returnGeometry=true&returnTrueCurves=false&maxAllowableOffset=&geometryPrecision=&outSR=&havingClause=&returnIdsOnly=false&returnCountOnly=false&orderByFields=&groupByFieldsForStatistics=&outStatistics=&returnZ=false&returnM=false&gdbVersion=&historicMoment=&returnDistinctValues=false&resultOffset=&resultRecordCount=&returnExtentOnly=false&sqlFormat=none&datumTransformation=&parameterValues=&rangeValues=&quantizationParameters=&uniqueIds=&returnUniqueIdsOnly=false&featureEncoding=esriDefault&f=pjson,error,,,<HTTPError 404: 'Not Found'>
kyivcity,7b958c05-43ba-4ae5-b541-01904d658030,rozklad-rukhu-miskoho-elektrychnoho-ta-avtomobilnoho-transportu-dep-transport,Розклад руху міського електричного та автомобільного транспорту,transport,f8fdfebf-ffe5-4ee0-82c3-505213542271,calendarKyivFunicular,JSON,https://gisserver-stage.kyivcity.gov.ua/mayno/rest/services/KYIV_API/transport_public/MapServer/16/query?where=1%3D1&text=&objectIds=&time=&timeRelation=esriTimeRelationOverlaps&geometry=&geometryType=esriGeometryEnvelope&inSR=&spatialRel=esriSpatialRelIntersects&distance=&units=esriSRUnit_Foot&relationParam=&outFields=*&returnGeometry=true&returnTrueCurves=false&maxAllowableOffset=&geometryPrecision=&outSR=&havingClause=&returnIdsOnly=false&returnCountOnly=false&orderByFields=&groupByFieldsForStatistics=&outStatistics=&returnZ=false&returnM=false&gdbVersion=&historicMoment=&returnDistinctValues=false&resultOffset=&resultRecordCount=&returnExtentOnly=false&sqlFormat=none&datumTransformation=&parameterValues=&rangeValues=&quantizationParameters=&uniqueIds=&returnUniqueIdsOnly=false&featureEncoding=esriDefault&f=pjson,error,,,<HTTPError 404: 'Not Found'>
kyivcity,7b958c05-43ba-4ae5-b541-01904d658030,rozklad-rukhu-miskoho-elektrychnoho-ta-avtomobilnoho-transportu-dep-transport,Розклад руху міського електричного та автомобільного транспорту,transport,f6f83ab2-3818-4d8c-93db-19dcda89cce9,kyivFunicular,GeoJSON,https://gisserver-stage.kyivcity.gov.ua/mayno/rest/services/KYIV_API/transport_public/MapServer/8/query?where=1%3D1&text=&objectIds=&time=&timeRelation=esriTimeRelationOverlaps&geometry=&geometryType=esriGeometryEnvelope&inSR=&spatialRel=esriSpatialRelIntersects&distance=&units=esriSRUnit_Foot&relationParam=&outFields=*&returnGeometry=true&returnTrueCurves=false&maxAllowableOffset=&geometryPrecision=&outSR=&havingClause=&returnIdsOnly=false&returnCountOnly=false&orderByFields=&groupByFieldsForStatistics=&outStatistics=&returnZ=false&returnM=false&gdbVersion=&historicMoment=&returnDistinctValues=false&resultOffset=&resultRecordCount=&returnExtentOnly=false&sqlFormat=none&datumTransformation=&parameterValues=&rangeValues=&quantizationParameters=&uniqueIds=&returnUniqueIdsOnly=false&featureEncoding=esriDefault&f=geojson,error,,,<HTTPError 404: 'Not Found'>
kyivcity,7b958c05-43ba-4ae5-b541-01904d658030,rozklad-rukhu-miskoho-elektrychnoho-ta-avtomobilnoho-transportu-dep-transport,Розклад руху міського електричного та автомобільного транспорту,transport,f7d0b201-c3c4-4f97-977c-91a3f144588c,stopsInterchangeUnderground,JSON,https://gisserver-stage.kyivcity.gov.ua/mayno/rest/services/KYIV_API/transport_public/MapServer/15/query?where=1%3D1&text=&objectIds=&time=&timeRelation=esriTimeRelationOverlaps&geometry=&geometryType=esriGeometryEnvelope&inSR=&spatialRel=esriSpatialRelIntersects&distance=&units=esriSRUnit_Foot&relationParam=&outFields=*&returnGeometry=true&returnTrueCurves=false&maxAllowableOffset=&geometryPrecision=&outSR=&havingClause=&returnIdsOnly=false&returnCountOnly=false&orderByFields=&groupByFieldsForStatistics=&outStatistics=&returnZ=false&returnM=false&gdbVersion=&historicMoment=&returnDistinctValues=false&resultOffset=&resultRecordCount=&returnExtentOnly=false&sqlFormat=none&datumTransformation=&parameterValues=&rangeValues=&quantizationParameters=&uniqueIds=&returnUniqueIdsOnly=false&featureEncoding=esriDefault&f=pjson,error,,,<HTTPError 404: 'Not Found'>
kyivcity,7b958c05-43ba-4ae5-b541-01904d658030,rozklad-rukhu-miskoho-elektrychnoho-ta-avtomobilnoho-transportu-dep-transport,Розклад руху міського електричного та автомобільного транспорту,transport,b1352a36-3b4d-4a4d-b73d-162479c71bd0,timePeriodUnderground,JSON,https://gisserver-stage.kyivcity.gov.ua/mayno/rest/services/KYIV_API/transport_public/MapServer/14/query?where=1%3D1&text=&objectIds=&time=&timeRelation=esriTimeRelationOverlaps&geometry=&geometryType=esriGeometryEnvelope&inSR=&spatialRel=esriSpatialRelIntersects&distance=&units=esriSRUnit_Foot&relationParam=&outFields=*&returnGeometry=true&returnTrueCurves=false&maxAllowableOffset=&geometryPrecision=&outSR=&havingClause=&returnIdsOnly=false&returnCountOnly=false&orderByFields=&groupByFieldsForStatistics=&outStatistics=&returnZ=false&returnM=false&gdbVersion=&historicMoment=&returnDistinctValues=false&resultOffset=&resultRecordCount=&returnExtentOnly=false&sqlFormat=none&datumTransformation=&parameterValues=&rangeValues=&quantizationParameters=&uniqueIds=&returnUniqueIdsOnly=false&featureEncoding=esriDefault&f=pjson,error,,,<HTTPError 404: 'Not Found'>
kyivcity,7b958c05-43ba-4ae5-b541-01904d658030,rozklad-rukhu-miskoho-elektrychnoho-ta-avtomobilnoho-transportu-dep-transport,Розклад руху міського електричного та автомобільного транспорту,transport,b7429519-c76d-4a10-a898-896fddf2f37e,stopTimesUnderground,JSON,https://gisserver-stage.kyivcity.gov.ua/mayno/rest/services/KYIV_API/transport_public/MapServer/13/query?where=1%3D1&text=&objectIds=&time=&timeRelation=esriTimeRelationOverlaps&geometry=&geometryType=esriGeometryEnvelope&inSR=&spatialRel=esriSpatialRelIntersects&distance=&units=esriSRUnit_Foot&relationParam=&outFields=*&returnGeometry=true&returnTrueCurves=false&maxAllowableOffset=&geometryPrecision=&outSR=&havingClause=&returnIdsOnly=false&returnCountOnly=false&orderByFields=&groupByFieldsForStatistics=&outStatistics=&returnZ=false&returnM=false&gdbVersion=&historicMoment=&returnDistinctValues=false&resultOffset=&resultRecordCount=&returnExtentOnly=false&sqlFormat=none&datumTransformation=&parameterValues=&rangeValues=&quantizationParameters=&uniqueIds=&returnUniqueIdsOnly=false&featureEncoding=esriDefault&f=pjson,error,,,<HTTPError 404: 'Not Found'>
kyivcity,7b958c05-43ba-4ae5-b541-01904d658030,rozklad-rukhu-miskoho-elektrychnoho-ta-avtomobilnoho-transportu-dep-transport,Розклад руху міського електричного та автомобільного транспорту,transport,b675a915-11fb-470e-af53-5c7f657b7d11,calendarUnderground,JSON,https://gisserver-stage.kyivcity.gov.ua/mayno/rest/services/KYIV_API/transport_public/MapServer/12/query?where=1%3D1&text=&objectIds=&time=&timeRelation=esriTimeRelationOverlaps&geometry=&geometryType=esriGeometryEnvelope&inSR=&spatialRel=esriSpatialRelIntersects&distance=&units=esriSRUnit_Foot&relationParam=&outFields=*&returnGeometry=true&returnTrueCurves=false&maxAllowableOffset=&geometryPrecision=&outSR=&havingClause=&returnIdsOnly=false&returnCountOnly=false&orderByFields=&groupByFieldsForStatistics=&outStatistics=&returnZ=false&returnM=false&gdbVersion=&historicMoment=&returnDistinctValues=false&resultOffset=&resultRecordCount=&returnExtentOnly=false&sqlFormat=none&datumTransformation=&parameterValues=&rangeValues=&quantizationParameters=&uniqueIds=&returnUniqueIdsOnly=false&featureEncoding=esriDefault&f=pjson,error,,,<HTTPError 404: 'Not Found'>
kyivcity,7b958c05-43ba-4ae5-b541-01904d658030,rozklad-rukhu-miskoho-elektrychnoho-ta-avtomobilnoho-transportu-dep-transport,Розклад руху міського електричного та автомобільного транспорту,transport,5e385793-58e2-49eb-b856-a963dd7486bb,underground,GeoJSON,https://gisserver-stage.kyivcity.gov.ua/mayno/rest/services/KYIV_API/transport_public/MapServer/5/query?where=1%3D1&text=&objectIds=&time=&timeRelation=esriTimeRelationOverlaps&geometry=&geometryType=esriGeometryEnvelope&inSR=&spatialRel=esriSpatialRelIntersects&distance=&units=esriSRUnit_Meter&relationParam=&outFields=*&returnGeometry=true&returnTrueCurves=false&maxAllowableOffset=&geometryPrecision=&outSR=&havingClause=&returnIdsOnly=false&returnCountOnly=false&orderByFields=&groupByFieldsForStatistics=&outStatistics=&returnZ=false&returnM=false&gdbVersion=&historicMoment=&returnDistinctValues=false&resultOffset=&resultRecordCount=&returnExtentOnly=false&sqlFormat=none&datumTransformation=&parameterValues=&rangeValues=&quantizationParameters=&uniqueIds=&returnUniqueIdsOnly=false&featureEncoding=esriDefault&f=geojson,error,,,<HTTPError 404: 'Not Found'>
kyivcity,7b958c05-43ba-4ae5-b541-01904d658030,rozklad-rukhu-miskoho-elektrychnoho-ta-avtomobilnoho-transportu-dep-transport,Розклад руху міського електричного та автомобільного транспорту,transport,224537e0-271e-49a3-bf9a-840e9f37c882,agency.csv,CSV,https://data.kyivcity.gov.ua/dataset/7b958c05-43ba-4ae5-b541-01904d658030/resource/224537e0-271e-49a3-bf9a-840e9f37c882/download/agency.csv,already_exists,2334,data/kyiv_resilience_data/kyivcity/rozklad-rukhu-miskoho-elektrychnoho-ta-avtomobilnoho-transportu-dep-transport/agency_224537e0-271e-49a3-bf9a-840e9f37c882.csv,
kyivcity,c1b83b24-d5b7-4c11-be4b-bc9fd6608738,velosypedna-merezha-kyieva-dep-transport,Велосипедна мережа Києва,transport,52189675-e9d2-402d-b537-cc0f2ca3c41a,bicycleNetwork,GeoJSON,https://gisserver.kyivcity.gov.ua/mayno/rest/services/KYIV_API/velomap/MapServer/0/query?where=1%3D1&outFields=*&outSR=4326&f=geojson,error,,,<HTTPError 404: 'Not Found'>
kyivcity,34b1729a-56c2-410a-b55a-4c93e1b88f5c,vidomosti-pro-iarmarky-strok-provedennia-mistse-kilkist-ta-vartist-mists-orhanizatoriv--dep-industry,"Відомості про ярмарки (строк проведення, місце, кількість та вартість місць), організаторів ярмарків, договори, укладені з організаторами таких ярмарків",trade,a50fdac4-172f-4722-8c39-5803598a0563,cancelledProductSubgroups,GeoJSON,https://gisserver.kyivcity.gov.ua/mayno/rest/services/KYIV_API/Trade_api/MapServer/9/query?where=&text=&objectIds=&time=&timeRelation=esriTimeRelationOverlaps&geometry=&geometryType=esriGeometryEnvelope&inSR=&spatialRel=esriSpatialRelIntersects&distance=&units=esriSRUnit_Foot&relationParam=&outFields=*&returnGeometry=true&returnTrueCurves=false&maxAllowableOffset=&geometryPrecision=&outSR=&havingClause=&returnIdsOnly=false&returnCountOnly=false&orderByFields=&groupByFieldsForStatistics=&outStatistics=&returnZ=false&returnM=false&gdbVersion=&historicMoment=&returnDistinctValues=false&resultOffset=&resultRecordCount=&returnExtentOnly=false&sqlFormat=none&datumTransformation=&parameterValues=&rangeValues=&quantizationParameters=&uniqueIds=&returnUniqueIdsOnly=false&featureEncoding=esriDefault&f=geojson,error,,,<HTTPError 404: 'Not Found'>
kyivcity,34b1729a-56c2-410a-b55a-4c93e1b88f5c,vidomosti-pro-iarmarky-strok-provedennia-mistse-kilkist-ta-vartist-mists-orhanizatoriv--dep-industry,"Відомості про ярмарки (строк проведення, місце, кількість та вартість місць), організаторів ярмарків, договори, укладені з організаторами таких ярмарків",trade,56d7427c-ed46-4d56-bf50-4c91f8bdeab9,cancelledFairVenues,GeoJSON,https://gisserver.kyivcity.gov.ua/mayno/rest/services/KYIV_API/Trade_api/MapServer/8/query?where=1%3D1&text=&objectIds=&time=&timeRelation=esriTimeRelationOverlaps&geometry=&geometryType=esriGeometryEnvelope&inSR=&spatialRel=esriSpatialRelIntersects&distance=&units=esriSRUnit_Foot&relationParam=&outFields=*&returnGeometry=true&returnTrueCurves=false&maxAllowableOffset=&geometryPrecision=&outSR=&havingClause=&returnIdsOnly=false&returnCountOnly=false&orderByFields=&groupByFieldsForStatistics=&outStatistics=&returnZ=false&returnM=false&gdbVersion=&historicMoment=&returnDistinctValues=false&resultOffset=&resultRecordCount=&returnExtentOnly=false&sqlFormat=none&datumTransformation=&parameterValues=&rangeValues=&quantizationParameters=&uniqueIds=&returnUniqueIdsOnly=false&featureEncoding=esriDefault&f=geojson,error,,,<HTTPError 404: 'Not Found'>
kyivcity,34b1729a-56c2-410a-b55a-4c93e1b88f5c,vidomosti-pro-iarmarky-strok-provedennia-mistse-kilkist-ta-vartist-mists-orhanizatoriv--dep-industry,"Відомості про ярмарки (строк проведення, місце, кількість та вартість місць), організаторів ярмарків, договори, укладені з організаторами таких ярмарків",trade,a918a17b-3153-4c5a-bce5-20547550ea26,conductedProductSubgroups,GeoJSON,https://gisserver.kyivcity.gov.ua/mayno/rest/services/KYIV_API/Trade_api/MapServer/6/query?where=1%3D1&text=&objectIds=&time=&geometry=&geometryType=esriGeometryEnvelope&inSR=&spatialRel=esriSpatialRelIntersects&distance=&units=esriSRUnit_Foot&relationParam=&outFields=*&returnGeometry=true&returnTrueCurves=false&maxAllowableOffset=&geometryPrecision=&outSR=&havingClause=&returnIdsOnly=false&returnCountOnly=false&orderByFields=&groupByFieldsForStatistics=&outStatistics=&returnZ=false&returnM=false&gdbVersion=&historicMoment=&returnDistinctValues=false&resultOffset=&resultRecordCount=&returnExtentOnly=false&datumTransformation=&parameterValues=&rangeValues=&quantizationParameters=&featureEncoding=esriDefault&f=geojson,error,,,<HTTPError 404: 'Not Found'>
kyivcity,34b1729a-56c2-410a-b55a-4c93e1b88f5c,vidomosti-pro-iarmarky-strok-provedennia-mistse-kilkist-ta-vartist-mists-orhanizatoriv--dep-industry,"Відомості про ярмарки (строк проведення, місце, кількість та вартість місць), організаторів ярмарків, договори, укладені з організаторами таких ярмарків",trade,fbb8084d-3b1f-43b8-9d41-3fa468560d00,conductedFairVenues,GeoJSON,https://gisserver.kyivcity.gov.ua/mayno/rest/services/KYIV_API/Trade_api/MapServer/5/query?where=1%3D1&text=&objectIds=&time=&geometry=&geometryType=esriGeometryEnvelope&inSR=&spatialRel=esriSpatialRelIntersects&distance=&units=esriSRUnit_Foot&relationParam=&outFields=*&returnGeometry=true&returnTrueCurves=false&maxAllowableOffset=&geometryPrecision=&outSR=&havingClause=&returnIdsOnly=false&returnCountOnly=false&orderByFields=&groupByFieldsForStatistics=&outStatistics=&returnZ=false&returnM=false&gdbVersion=&historicMoment=&returnDistinctValues=false&resultOffset=&resultRecordCount=&returnExtentOnly=false&datumTransformation=&parameterValues=&rangeValues=&quantizationParameters=&featureEncoding=esriDefault&f=geojson,error,,,<HTTPError 404: 'Not Found'>
kyivcity,34b1729a-56c2-410a-b55a-4c93e1b88f5c,vidomosti-pro-iarmarky-strok-provedennia-mistse-kilkist-ta-vartist-mists-orhanizatoriv--dep-industry,"Відомості про ярмарки (строк проведення, місце, кількість та вартість місць), організаторів ярмарків, договори, укладені з організаторами таких ярмарків",trade,3e504ed7-920b-4fc9-a0c9-1efc9caa089c,scheduledProductSubgroups,GeoJSON,https://gisserver.kyivcity.gov.ua/mayno/rest/services/KYIV_API/Trade_api/MapServer/2/query?where=1%3D1&text=&objectIds=&time=&geometry=&geometryType=esriGeometryEnvelope&inSR=&spatialRel=esriSpatialRelIntersects&distance=&units=esriSRUnit_Foot&relationParam=&outFields=*&returnGeometry=true&returnTrueCurves=false&maxAllowableOffset=&geometryPrecision=&outSR=4326&havingClause=&returnIdsOnly=false&returnCountOnly=false&orderByFields=&groupByFieldsForStatistics=&outStatistics=&returnZ=false&returnM=false&gdbVersion=&historicMoment=&returnDistinctValues=false&resultOffset=&resultRecordCount=&returnExtentOnly=false&datumTransformation=&parameterValues=&rangeValues=&quantizationParameters=&featureEncoding=esriDefault&f=geojson,error,,,<HTTPError 404: 'Not Found'>
kyivcity,34b1729a-56c2-410a-b55a-4c93e1b88f5c,vidomosti-pro-iarmarky-strok-provedennia-mistse-kilkist-ta-vartist-mists-orhanizatoriv--dep-industry,"Відомості про ярмарки (строк проведення, місце, кількість та вартість місць), організаторів ярмарків, договори, укладені з організаторами таких ярмарків",trade,40b334b7-e4e5-4741-89f1-044a67f7e23f,scheduledFairVenues,GeoJSON,https://gisserver.kyivcity.gov.ua/mayno/rest/services/KYIV_API/Trade_api/MapServer/1/query?where=1%3D1&text=&objectIds=&time=&geometry=&geometryType=esriGeometryEnvelope&inSR=&spatialRel=esriSpatialRelIntersects&distance=&units=esriSRUnit_Foot&relationParam=&outFields=*&returnGeometry=true&returnTrueCurves=false&maxAllowableOffset=&geometryPrecision=&outSR=4326&havingClause=&returnIdsOnly=false&returnCountOnly=false&orderByFields=&groupByFieldsForStatistics=&outStatistics=&returnZ=false&returnM=false&gdbVersion=&historicMoment=&returnDistinctValues=false&resultOffset=&resultRecordCount=&returnExtentOnly=false&datumTransformation=&parameterValues=&rangeValues=&quantizationParameters=&featureEncoding=esriDefault&f=geojson,error,,,<HTTPError 404: 'Not Found'>
kyivcity,3e0ad437-e265-48e8-8328-bf93ae556c5a,vidomosti-pro-likarski-zasobypreparaty-prydbani-za-biudzhetni-koshty-vidomosti-pro-rozpod-dep-health,"Відомості про лікарські засоби/препарати, придбані за бюджетні кошти, відомості про розподілення таких ліків між закладами охорони здоров’я та їх залишки в кожному з них",health,defa79cc-ddb1-46dd-8f65-d260dc5dad38,remains,JSON,https://med.kyivcity.gov.ua/ostatki2.php,already_exists,19410386,data/kyiv_resilience_data/kyivcity/vidomosti-pro-likarski-zasobypreparaty-prydbani-za-biudzhetni-koshty-vidomosti-pro-rozpod-dep-health/remains_defa79cc-ddb1-46dd-8f65-d260dc5dad38.json,
kyivcity,5bbec735-a634-442a-8e3d-03a75835139e,vidomosti-pro-transportni-zasoby-iaki-obsluhovuiut-pasazhyrski-avtobusni-troleibusni-t-dep-transport,"Відомості про транспортні засоби, які обслуговують пасажирські автобусні, тролейбусні та трамвайні маршрути перевезення (кількість транспортних засобів на кожному маршруті, марка, модель, державний номер, пасажиромісткість)",transport,efad1f37-779d-4d8e-9d1e-3a6b345775d6,31725604_vehicles.json,JSON,https://data.kyivcity.gov.ua/dataset/5bbec735-a634-442a-8e3d-03a75835139e/resource/efad1f37-779d-4d8e-9d1e-3a6b345775d6/download/31725604_vehicles.json,already_exists,776537,data/kyiv_resilience_data/kyivcity/vidomosti-pro-transportni-zasoby-iaki-obsluhovuiut-pasazhyrski-avtobusni-troleibusni-t-dep-transport/31725604_vehicles_efad1f37-779d-4d8e-9d1e-3a6b345775d6.json,
kyivcity,5bbec735-a634-442a-8e3d-03a75835139e,vidomosti-pro-transportni-zasoby-iaki-obsluhovuiut-pasazhyrski-avtobusni-troleibusni-t-dep-transport,"Відомості про транспортні засоби, які обслуговують пасажирські автобусні, тролейбусні та трамвайні маршрути перевезення (кількість транспортних засобів на кожному маршруті, марка, модель, державний номер, пасажиромісткість)",transport,a8a2b2c6-d709-45fa-ba5c-a42db698e20f,25383769_vehicles.csv,CSV,https://data.kyivcity.gov.ua/dataset/5bbec735-a634-442a-8e3d-03a75835139e/resource/a8a2b2c6-d709-45fa-ba5c-a42db698e20f/download/25383769_vehicles.csv,already_exists,121339,data/kyiv_resilience_data/kyivcity/vidomosti-pro-transportni-zasoby-iaki-obsluhovuiut-pasazhyrski-avtobusni-troleibusni-t-dep-transport/25383769_vehicles_a8a2b2c6-d709-45fa-ba5c-a42db698e20f.csv,
kyivcity,05bdcb8e-2712-4f19-ac2d-2475c2fadcae,perelik-obiektiv-komunalnoi-vlasnosti-dep-communal,Перелік об'єктів комунальної власності,property,e716151e-09db-4170-97e3-f091b95f3846,buildings.csv,CSV,https://dkv.kyivcity.gov.ua/DataReports/%D0%9E%D0%BF%D1%80%D0%B8%D0%BB%D1%8E%D0%B4%D0%BD%D0%B5%D0%BD%D0%BD%D1%8F/buildings.csv,error,,,URLError(TimeoutError('timed out'))
kyivcity,e8dab5c5-2255-4077-9792-9b13e34e8e26,perelik-obiektiv-komunalnoi-vlasnosti-shcho-peredani-v-orendu-chy-inshe-pravo-korystuva-dep-communal,"Перелік об’єктів комунальної власності, що передані в оренду чи інше право користування (з даними про умови передачі об’єктів в оренду чи умови іншого користування) до закінчення строку, встановленого пунктом 6 розділу «Прикінцеві та перехідні положення» Закону України «Про оренду державного та комунального майна»",property,dfe09cdb-f520-461f-aebb-4635c491bed9,listProzzoroSales_rented,CSV,https://dkv.kyivcity.gov.ua/DataReports/%D0%9E%D0%BF%D1%80%D0%B8%D0%BB%D1%8E%D0%B4%D0%BD%D0%B5%D0%BD%D0%BD%D1%8F/listProzorroSales_rented.csv,error,,,URLError(TimeoutError('timed out'))
kyivcity,ea6f22c9-42a3-4953-8a6c-ca4c478a833d,pereliky-obiektiv-komunalnoi-vlasnosti-iaki-mozhut-buty-peredani-v-orendu-do-daty-vyzna-dep-communal,"Переліки об'єктів комунальної власності, які можуть бути передані в оренду (до дати, визначеної підпунктом 1 пункту 1 розділу «Прикінцеві та перехідні положення» Закону України «Про оренду державного та комунального майна»)",property,d6738ba4-4cf6-438a-afdb-6ed803b5fdda,buildingsRentable,CSV,https://dkv.kyivcity.gov.ua/DataReports/%D0%9E%D0%BF%D1%80%D0%B8%D0%BB%D1%8E%D0%B4%D0%BD%D0%B5%D0%BD%D0%BD%D1%8F/buildingsRentable.csv,error,,,URLError(TimeoutError('timed out'))
kyivcity,ea6f22c9-42a3-4953-8a6c-ca4c478a833d,pereliky-obiektiv-komunalnoi-vlasnosti-iaki-mozhut-buty-peredani-v-orendu-do-daty-vyzna-dep-communal,"Переліки об'єктів комунальної власності, які можуть бути передані в оренду (до дати, визначеної підпунктом 1 пункту 1 розділу «Прикінцеві та перехідні положення» Закону України «Про оренду державного та комунального майна»)",property,ead3ba1b-b6a2-4d6c-a5b3-2db9b3c6e725,listProzorroSales_buildingsRentable,CSV,https://dkv.kyivcity.gov.ua/DataReports/%D0%9E%D0%BF%D1%80%D0%B8%D0%BB%D1%8E%D0%B4%D0%BD%D0%B5%D0%BD%D0%BD%D1%8F/listProzorroSales_buildingsRentable.csv,error,,,URLError(TimeoutError('timed out'))
