uid,name,gender,positionName,unitId,unitName,orgId,orgName,img,homepage,socialAccount,telephone,email,openingHours,availabilityRestriction
100-1,Дунаєвська Софія Анатоліївна,2,Голова,100,Голосіївська районна в місті Києві державна адміністрація,37308812,Голосіївська районна в місті Києві державна адміністрація,null,https://golos.kyivcity.gov.ua/administratsiia/kerivnytstvo/dunaievska-sofiia-anatoliivna?v=6839853bc4a88,null,+380442816646,sofiia.dunaievska@kyivcity.gov.ua,"Пн-Чт 08:00-17:00, Пт 08:00-15:45",Перерва на обід: 12:00-12:45
100.1-1,Гнатівська Тетяна Леонідівна,2,Керівник апарату,100.1,Апарат Голосіївської районної в місті Києві державної адміністрації,37308812,Голосіївська районна в місті Києві державна адміністрація,null,https://golos.kyivcity.gov.ua/persons/tetyana-gnativska,null,+380442816641,tetiana.gnativska@kyivcity.gov.ua,"Пн-Чт 08:00-17:00, Пт 08:00-15:45",Перерва на обід: 12:00-12:45
100.2-1,Шимко Едуард Анатолійович,1,Начальник управління,100.2,Управління житлово-комунального господарства,37308812,Голосіївська районна в місті Києві державна адміністрація,null,null,null,+380442816021,uzhkg_golosrda@kyivcity.gov.ua,"Пн-Чт 08:00-17:00, Пт 08:00-15:45",Перерва на обід: 12:00-12:45
100.3-1,Луцик Юлія Сергіївна,2,Начальник управління,100.3,Управління освіти,37308812,Голосіївська районна в місті Києві державна адміністрація,null,null,null,+380442571257,osvita.golos@kyivcity.gov.ua,"Пн-Чт 08:00-17:00, Пт 08:00-15:45",Перерва на обід: 12:00-12:45
100.4-1,Сторожчук Тетяна Миколаївна,2,Начальник управління,100.4,Управління (Центр) надання адміністративних послуг,37308812,Голосіївська районна в місті Києві державна адміністрація,null,null,null,+380442816612,cnap.golos@kyivcity.gov.ua,"Пн-Чт 08:00-17:00, Пт 08:00-15:45",null
100.5-1,Цимбалиста Лілія Андріївна,2,Начальник управління,100.5,Управління соціальної та ветеранської політики,37308812,Голосіївська районна в місті Києві державна адміністрація,null,null,null,+380442570134,usvp.golos@ kyivcity.gov.ua,"Пн-Чт 08:00-17:00, Пт 08:00-15:45",null
100.6-1,Сінкевич Інна Федорівна,2,Начальник управління,100.6,Управління культури,37308812,Голосіївська районна в місті Києві державна адміністрація,null,null,null,+380442597204,kultura_golos@kyivcity.gov.ua,"Пн-Чт 08:00-17:00, Пт 08:00-15:45",Перерва на обід: 12:00-12:45
100.7-1,Ганіна Тетяна Володимирівна,2,Начальник управління,100.7,Фінансове управління,37308812,Голосіївська районна в місті Києві державна адміністрація,null,null,null,+380442598990,finupr_golos@kyivcity.gov.ua,"Пн-Чт 08:00-17:00, Пт 08:00-15:45",Перерва на обід: 12:00-12:45
100.8-1,Прокопенко Микола Миколайович,1,Начальник відділу,100.8,Відділ у справах молоді та спорту,37308812,Голосіївська районна в місті Києві державна адміністрація,null,null,null,+380442062775,vsms_golos@kyivcity.gov.ua,"Пн-Чт 08:00-17:00, Пт 08:00-15:45",Перерва на обід: 12:00-12:45
100.9-1,Ніколаєнко Наталя Миколаївна,2,Начальник служби,100.9,Служба у справах дітей та сім'ї,37308812,Голосіївська районна в місті Києві державна адміністрація,null,null,null,"+380442893856, +380442893854, +380442893853",ssd_golos@kyivcity.gov.ua,"Пн-Чт 08:00-17:00, Пт 08:00-15:45",Перерва на обід: 12:00-12:45
100.10-1,Мамедова Альона Валеріївна,1,Начальник управління,100.10,Управління будівництва,37308812,Голосіївська районна в місті Києві державна адміністрація,null,null,null,+380442598219,uba_golosrda@kyivcity.gov.ua,"Пн-Чт 08:00-17:00, Пт 08:00-15:45",Перерва на обід: 12:00-12:45
101.1,Ковтунов Олександр Володимирович,1,Голова,101,Дарницька районна в місті Києві державна адміністрація,37388222,Дарницька районна в місті Києві державна адміністрація,https://media-stg.kyivcity.gov.ua/kyivcity/sites/9/Kerivniki/kovtunov.jpg,https://darn.kyivcity.gov.ua/persons/oleksandr-kovtunov,null,+380445649010,oleksandr.kovtunov@kyivcity.gov.ua,"Пн-Чт 08:00-17:00, Пт 08:00-15:45","Перерва на обід: 12:00-12:45, прийом: Пт 09:00-10:00"
101.1-1,Мерзенюк Анатолій Вікторович,1,Заступник голови,101.1,Дарницька районна в місті Києві державна адміністрація,37388222,Дарницька районна в місті Києві державна адміністрація,null,https://darn.kyivcity.gov.ua/persons/anatoliy-merzenyuk,null,+380445649045,anatolii.merzeniuk@kyivcity.gov.ua,"Пн-Чт 08:00-17:00, Пт 08:00-15:45","Перерва на обід: 12:00-12:45, прийом: Пн 10:00-11:00"
101.1-2,Ємельяненко Віталій Юрійович,1,Заступник голови,101.2,Дарницька районна в місті Києві державна адміністрація,37388222,Дарницька районна в місті Києві державна адміністрація,null,https://darn.kyivcity.gov.ua/persons/vitaliy-emelyanenko,null,+380445649012,vitalii.yemelianenko@kyivcity.gov.ua,"Пн-Чт 08:00-17:00, Пт 08:00-15:45","Перерва на обід: 12:00-12:45, прийом: Вт 15:00-16:00"
101.1-3,Володін Юрій Іванович,1,Керівник апарату,101.3,Апарат Дарницької районної в місті Києві державної адміністрації,37388222,Дарницька районна в місті Києві державна адміністрація,https://media-stg.kyivcity.gov.ua/kyivcity/sites/9/Kerivniki/Volodin.jpg,https://darn.kyivcity.gov.ua/kerivnytstvo/volodin-iurii-ivanovych,null,+380445649003,yuriy.volodin@kyivcity.gov.ua,"Пн-Чт 08:00-17:00, Пт 08:00-15:45","Перерва на обід: 12:00-12:45, прийом: Вт 11:00-12:00"
101.2-1,Корбецькмй Мирослав Богданович,1,Начальник управління,101.2,Управління будівництва та житлово-комунального господарства,37388222,Дарницька районна в місті Києві державна адміністрація,null,null,null,+380445650081,darn-ukb@kyivcity.gov.ua,"Пн-Чт 08:00-17:00, Пт 08:00-15:45",Перерва на обід: 12:00-12:45
101.3-1,Соя Тетяна Миколаївна,2,Начальник управління,101.3,Управління соціальної та ветеранської політики,37388222,Дарницька районна в місті Києві державна адміністрація,null,null,null,+380443667020,darn_usvp@kyivcity.gov.ua,"Пн-Чт 08:00-17:00, Пт 08:00-15:45","Перерва на обід: 12:00-12:45, прийом: Пн 08:00-12:00, Ср 13:00-17:00"
101.4-1,Недбайло Олег Андрійович,2,Начальник управління (Центру),101.4,Управління (Центр) надання адміністративних послуг,37388222,Дарницька районна в місті Києві державна адміністрація,null,null,null,+380443665703,darn_cnap@kyivcity.gov.ua,Пн-Пт 09:00-18:00,Перерва на обід: 13:00-13:45
101.5-1,Списовська Євгенія Іванівна,2,Начальник управління,101.5,Управління освіти,37388222,Дарницька районна в місті Києві державна адміністрація,null,null,null,+380445635505,darn-osvita@kyivcity.gov.ua,"Пн-Чт 08:00-17:00, Пт 08:00-15:45","Перерва на обід: 12:00-12:45, прийом: Вт 13:00-17:00 Чт 8:00-12:00"
101.6-1,Комишник Лариса Степанівна,2,Начальник управління,101.6,Фінансове управління,37388222,Дарницька районна в місті Києві державна адміністрація,null,null,null,+380445649900,darn-fin@kyivcity.gov.ua,"Пн-Чт 08:00-17:00, Пт 08:00-15:45",Перерва на обід: 12:00-12:45
101.7-1,Скульський Сергій Борисович,1,Начальник відділу,101.7,Відділ молоді та спорту,37388222,Дарницька районна в місті Києві державна адміністрація,null,null,null,+380445652065,darn – usms@kyivcity.gov.ua,"Пн-Чт 08:00-17:00, Пт 08:00-15:45","Перерва на обід: 12:00-12:45, прийом: Вт 13:00-17:00 Чт 8:00-12:00"
101.8-1,Романович Марина Олексіївна,2,Начальник відділу,101.8,Відділ культури,37388222,Дарницька районна в місті Києві державна адміністрація,null,null,null,+380445651999,darn-kult@kyivcity.gov.ua,"Пн-Чт 08:00-17:00, Пт 08:00-15:45","Перерва на обід: 12:00-12:45, прийом: Вт 08:00-12:00 Пт 13:00-15:45"
101.9-1,Касянчук Марія Василівна,2,Начальник служби,101.9,Служба у справах дітей та сім'ї,37388222,Дарницька районна в місті Києві державна адміністрація,null,null,null,+380445667370,darn-ssd@kyivcity.gov.ua,"Пн-Чт 08:00-17:00, Пт 08:00-15:45","Перерва на обід: 12:00-12:45, прийом: Пн 14:00-17:00 Ср 09:00-12:00"
102-1,Бахматов Максим Ісанович,1,Голова,102,Деснянська районна в місті Києві державна адміністрація,37415088,Деснянська районна в місті Києві державна адміністрація,null,https://desn.kyivcity.gov.ua/administratsiia/kerivnytstvo/holova-desnianskoi-raionnoi-v-misti-kyievi-derzhavnoi-administratsii,null,"+380445157775, +380445480496",rda.desnianska@kyivcity.gov.ua,"Пн-Чт 08:00-17:00, Пт 08:00-15:45",Перерва на обід: 12:00-12:45
102.1-1,Гуменюк Ірина Вікторівна,2,Керівник апарату,102.1,Апарат Деснянської районної в місті Києві державної адміністрації,37415088,Деснянська районна в місті Києві державна адміністрація,null,https://desn.kyivcity.gov.ua/administratsiia/kerivnytstvo/kerivnyk-aparatu-mashkivska-olha-volodymyrivna,null,+380445463124,rda.desnianska@kyivcity.gov.ua,"Пн-Чт 08:00-17:00, Пт 08:00-15:45",Перерва на обід: 12:00-12:45
102.2-1,Володіна Наталія Ансибулівна,2,Начальник управління - адміністратор,102.2,Управління (Центр) надання адміністративних послуг,37415088,Деснянська районна в місті Києві державна адміністрація,null,null,null,+380445469900,null,Пн-Пт 09:00-18:00,null
102.3-1,Юрченко Ігор Олегович,1,Начальник управління,102.3,Управління благоустрою та підприємництва,37415088,Деснянська районна в місті Києві державна адміністрація,null,null,null,+380445461055,ubp_desnrda@kyivcity.gov.ua,"Пн-Чт 08:00-17:00, Пт 08:00-15:45",Перерва на обід: 12:00-12:45
102.4-1,Ваврічина Валентина Михайлівна,2,Начальник управління,102.4,Фінансове управління,37415088,Деснянська районна в місті Києві державна адміністрація,null,null,null,+380445152252,fin_desnrda@kyivcity.gov.ua,"Пн-Чт 08:00-17:00, Пт 08:00-15:45",Перерва на обід: 12:00-12:45
102.5-1,Закомірний Ігор Миколайович,1,Начальник управління,102.5,Управління культури,37415088,Деснянська районна в місті Києві державна адміністрація,null,null,null,+380445465884,ukul_desnrda@kyivcity.gov.ua,"Пн-Чт 08:00-17:00, Пт 08:00-15:45",Перерва на обід: 12:00-12:45
102.6-1,Філоненко Анастасія Володимирівна,2,Начальник управління,102.6,Управління соціальної та ветеранської політики,37415088,Деснянська районна в місті Києві державна адміністрація,null,null,null,+380445301616,usvp_desnrda@kyivcity.gov.ua,"Пн-Чт 08:00-17:00, Пт 08:00-15:45",Перерва на обід: 12:00-12:45
102.7-1,Рогатюк Юрій Петрович,1,Начальник управління,102.7,Управління житлово-комунального господарства,37415088,Деснянська районна в місті Києві державна адміністрація,null,null,null,+380445467658,ujkg_desnrda@kyivcity.gov.ua,"Пн-Чт 08:00-17:00, Пт 08:00-15:45",Перерва на обід: 12:00-12:45
102.8-1,Мазур Юрій Анатолійович,1,Начальник управління,102.8,"Управління будівництва, архітектури та землекористування",37415088,Деснянська районна в місті Києві державна адміністрація,null,null,null,+380445461278,ubaz_desnrda@kyivcity.gov.ua,"Пн-Чт 08:00-17:00, Пт 08:00-15:45",Перерва на обід: 12:00-12:45
102.9-1,Берегова Анастасія Вікторівна,1,В.о. начальника управління,102.9,Управління молоді та спорту,37415088,Деснянська районна в місті Києві державна адміністрація,null,null,null,+380445461831,rda_sms@kyivcity.gov.ua,"Пн-Чт 08:00-17:00, Пт 08:00-15:45",Перерва на обід: 12:00-12:45
102.10-1,Рожкова Людмила Михайлівна,2,Начальник управління,102.10,Управління освіти,37415088,Деснянська районна в місті Києві державна адміністрація,null,null,null,+380445466780,uo_desnrda@kyivcity.gov.ua,"Пн-Чт 08:00-17:00, Пт 08:00-15:45",Перерва на обід: 12:00-12:45
102.11-1,Васільєва Оксана Володимирівна,2,Начальник служби,102.11,Служба у справах дітей та сім'ї,37415088,Деснянська районна в місті Києві державна адміністрація,null,null,null,+380445157576,ssd_desnrda@kyivcity.gov.ua,"Пн-Чт 08:00-17:00, Пт 08:00-15:45",Перерва на обід: 12:00-12:45
103-1,Паладій Андрій Миколайович,1,Голова,103,Дніпровська районна в місті Києві державна адміністрація,37203257,Дніпровська районна в місті Києві державна адміністрація,null,https://dnipr.kyivcity.gov.ua/persons/andriy-paladiy,https://www.facebook.com/andrij.paladij/,null,rda.dniprovska@kyivcity.gov.ua,"Пн-Чт 08:00-17:00, Пт 08:00-15:45",Перерва на обід: 12:00-12:45
103.1-1,Ластовецький Ігор Володимирович,1,Керівник апарату,103.1,Апарат Дніпровської районної в місті Києві державної адміністрації,37203257,Дніпровська районна в місті Києві державна адміністрація,null,https://dnipr.kyivcity.gov.ua/persons/igor-lastovetskiy,null,+380445732750,ihor.lastovetskyi@kyivcity.gov.ua,"Пн-Чт 08:00-17:00, Пт 08:00-15:45",Перерва на обід: 12:00-12:45
103.2-1,Лавров Вячеслав Сергійович,1,Начальник управління,103.2,Фінансове управління,37203257,Дніпровська районна в місті Києві державна адміністрація,null,null,null,+380443665170,fup_dnipr@kyivcity.gov.ua,"Пн-Чт 08:00-17:00, Пт 08:00-15:45",Перерва на обід: 12:00-12:45
103.3-1,Іваніна Налатія Василівна,2,Начальник управління,103.3,Управління освіти,37203257,Дніпровська районна в місті Києві державна адміністрація,null,null,null,+380633197800,dniprosvita@kyivcity.gov.ua,"Пн-Чт 08:00-17:00, Пт 08:00-15:45",Перерва на обід: 12:00-12:45
103.4-1,Галанзовська Тіна Георгіївна,2,Начальник управління,103.4,Управління соціальної та ветеранської політики,37203257,Дніпровська районна в місті Києві державна адміністрація,null,null,null,+380445120807,Dniprruszn@kyivcity.gov.ua,"Пн-Чт 09:00-17:00, Пт 09:00-15:45",null
103.5-1,Шевченко Ірина Миколаївна,2,В.о. начальника управління,103.5,Управління (Центр) надання адміністративних послуг,37203257,Дніпровська районна в місті Києві державна адміністрація,null,null,null,+380442026038,cnap11@kmda.gov.ua,"Пн-Чт 09:00-18:00, Пт 09:00-16:45",null
103.6-1,Мерінова Оксана Володимирівна,2,Начальник відділу,103.6,Відділ культури,37203257,Дніпровська районна в місті Києві державна адміністрація,null,null,null,+380442929181,kultura_dnrda@kyivcity.gov.ua,"Пн-Чт 08:00-17:00, Пт 08:00-15:45",Перерва на обід: 12:00-12:45
103.7-1,Трухан Павло Петрович,1,Начальник відділу,103.7,Відділ молоді та спорту,37203257,Дніпровська районна в місті Києві державна адміністрація,null,null,null,+380443665691,dnipr_vms@kyivcity.gov.ua,"Пн-Чт 08:00-17:00, Пт 08:00-15:45",Перерва на обід: 12:00-12:45
103.8-1,Косар Надія Романівна,2,Начальник управління,103.8,Управління житлово-комунального господарства,37203257,Дніпровська районна в місті Києві державна адміністрація,null,null,null,+380443665186,dnipr_zhkg@kyivcity.gov.ua,"Пн-Чт 08:00-17:00, Пт 08:00-15:45",Перерва на обід: 12:00-12:45
103.9-1,Поліщук Олексій Володимирович,1,Начальник служби,103.9,Служба у справах дітей та сім'ї,37203257,Дніпровська районна в місті Києві державна адміністрація,null,null,null,+380444447710,dniprssd@kyivcity.gov.ua,"Пн-Чт 08:00-17:00, Пт 08:00-15:45",Перерва на обід: 12:00-12:45
103.10-1,Корява Марина Леонідівна,2,директор Центру,103.10,Центр комплексної реабілітації для осіб з інвалідністю Дніпровського району міста Києва,42683656,Дніпровська районна в місті Києві державна адміністрація,null,https://www.ckrdi.kiev.ua/,https://www.facebook.com/ckrdi.kiev.ua,+380953476476,ckrdi@ukr.net,"Пн-Чт 08:00-17:00, Пт 08:00-15:45",Перерва на обід: 12:00-12:45
104-1,Фесик Кирило Олександрович,1,Голова,104,Оболонська районна в місті Києві державна адміністрація,37371727,Оболонська районна в місті Києві державна адміністрація,https://media-stg.kyivcity.gov.ua/kyivcity/sites/13/cropped-images/photo_2023-12-26_14-37-49-0-0-0-0-1703597689.jpg,https://obolon.kyivcity.gov.ua/kerivnytstvo/holova,null,+380444183849,rda.obolonska@kyivcity.gov.ua,"Пн-Чт 08:00-17:00, Пт 08:00-15:45",Перерва на обід: 12:00-12:45
104.1-1,Сокуренко Євген Бронicлавович,1,Керівник апарату,104.1,Апарат Оболонської районної в місті Києві державної адміністрації,37371727,Оболонська районна в місті Києві державна адміністрація,null,https://obolon.kyivcity.gov.ua/kerivnytstvo/kerivnyk-aparatu,null,+380444264070,rda.obolonska@kyivcity.gov.ua,"Пн-Чт 08:00-17:00, Пт 08:00-15:45",Перерва на обід: 12:00-12:45
104.2-1,Боршуляк Лілія Петрівна,2,Начальник управління - адміністратор,104.2,Управління (Центр) надання адміністративних послуг,37371727,Оболонська районна в місті Києві державна адміністрація,null,null,null,+380444264400,ocnap@kyivcity.gov.ua,Пн-Пт 09:00-18:00,null
104.3-1,Савченко Олена Сергіївна,2,Начальник управління,104.3,Фінансове управління,37371727,Оболонська районна в місті Києві державна адміністрація,null,null,null,+380444183135,finance_obolon@kyivcity.gov.ua,"Пн-Чт 08:00-17:00, Пт 08:00-15:45",Перерва на обід: 12:00-12:45
104.4-1,Бондарчук Ольга Олексіївна,2,Начальник відділу,104.4,Відділ культури,37371727,Оболонська районна в місті Києві державна адміністрація,null,null,null,+380632030178,obolon_kultura@kyivcity.gov.ua,"Пн-Чт 09:00-18:00, Пт 09:00-16:45",Перерва на обід: 13:00-13:45
104.5-1,Клебанова Олена Борисівна,2,Начальник управління,104.5,Управління соціальної та ветеранської політики,37371727,Оболонська районна в місті Києві державна адміністрація,null,null,null,+380444679973,37445416@kyivcity.gov.ua,"Пн-Чт 08:00-17:00, Пт 08:00-15:45",Перерва на обід: 12:00-12:45
104.6-1,Бурлака Алла Сергіївна,2,Начальник служби,104.6,Служба у справах дітей та сім'ї,37371727,Оболонська районна в місті Києві державна адміністрація,null,null,null,+380444264715,ssds_obolon@kyivcity.gov.ua,"Пн-Чт 08:00-17:00, Пт 08:00-15:45",Перерва на обід: 12:00-12:45
104.7-1,Головко Олександр Олексійович,1,Начальник управління,104.7,Управління будівництва,37371727,Оболонська районна в місті Києві державна адміністрація,null,null,null,+380444188888,ubaz-orda@kyivcity.gov.ua,Пн-Пт 08:00-17:00,Перерва на обід: 12:00-12:45
104.8-1,Кириченко Світлана Юріївна,2,В.о. начальника управління,104.8,Управління житлово-комунального господарства,37371727,Оболонська районна в місті Києві державна адміністрація,null,null,null,+380444267203,uzhkg_obolon@kyivcity.gov.ua,"Пн-Чт 08:00-17:00, Пт 08:00-15:45",Перерва на обід: 12:00-12:45
104.9-1,Царіков Олександр Олександрович,1,Начальник управління,104.9,Управління освіти,37371727,Оболонська районна в місті Києві державна адміністрація,null,null,null,+380444186331,uoor@obolonrda.gov.ua,"Пн-Чт 08:00-17:00, Пт 08:00-15:45",Перерва на обід: 12:00-12:45
104.10-1,Образцов Олександр Валентинович,1,Начальник відділу,104.10,Відділ молоді та спорту,37371727,Оболонська районна в місті Києві державна адміністрація,null,null,null,+380444186903,Oleksandr.Obraztsov@kyivcity.gov.ua,"Пн-Чт 08:00-17:00, Пт 08:00-15:45",Перерва на обід: 12:00-12:45
104-1,Фесик Кирило Олександрович,1,Голова,104,Оболонська районна в місті Києві державна адміністрація,37371727,Оболонська районна в місті Києві державна адміністрація,https://media-stg.kyivcity.gov.ua/kyivcity/sites/13/cropped-images/photo_2023-12-26_14-37-49-0-0-0-0-1703597689.jpg,https://obolon.kyivcity.gov.ua/kerivnytstvo/holova,null,+380444183849,rda.obolonska@kyivcity.gov.ua,"Пн-Чт 08:00-17:00, Пт 08:00-15:45",Перерва на обід: 12:00-12:45
104.1-1,Сокуренко Євген Бронicлавович,1,Керівник апарату,104.1,Апарат Оболонської районної в місті Києві державної адміністрації,37371727,Оболонська районна в місті Києві державна адміністрація,null,https://obolon.kyivcity.gov.ua/kerivnytstvo/kerivnyk-aparatu,null,+380444264070,rda.obolonska@kyivcity.gov.ua,"Пн-Чт 08:00-17:00, Пт 08:00-15:45",Перерва на обід: 12:00-12:45
104.2-1,Боршуляк Лілія Петрівна,2,Начальник управління - адміністратор,104.2,Управління (Центр) надання адміністративних послуг,37371727,Оболонська районна в місті Києві державна адміністрація,null,null,null,+380444264400,ocnap@kyivcity.gov.ua,Пн-Пт 09:00-18:00,null
104.3-1,Савченко Олена Сергіївна,2,Начальник управління,104.3,Фінансове управління,37371727,Оболонська районна в місті Києві державна адміністрація,null,null,null,+380444183135,finance_obolon@kyivcity.gov.ua,"Пн-Чт 08:00-17:00, Пт 08:00-15:45",Перерва на обід: 12:00-12:45
104.4-1,Бондарчук Ольга Олексіївна,2,Начальник відділу,104.4,Відділ культури,37371727,Оболонська районна в місті Києві державна адміністрація,null,null,null,+380632030178,obolon_kultura@kyivcity.gov.ua,"Пн-Чт 09:00-18:00, Пт 09:00-16:45",Перерва на обід: 13:00-13:45
104.5-1,Клебанова Олена Борисівна,2,Начальник управління,104.5,Управління соціальної та ветеранської політики,37371727,Оболонська районна в місті Києві державна адміністрація,null,null,null,+380444679973,37445416@kyivcity.gov.ua,"Пн-Чт 08:00-17:00, Пт 08:00-15:45",Перерва на обід: 12:00-12:45
104.6-1,Бурлака Алла Сергіївна,2,Начальник служби,104.6,Служба у справах дітей та сім'ї,37371727,Оболонська районна в місті Києві державна адміністрація,null,null,null,+380444264715,ssds_obolon@kyivcity.gov.ua,"Пн-Чт 08:00-17:00, Пт 08:00-15:45",Перерва на обід: 12:00-12:45
104.7-1,Головко Олександр Олексійович,1,Начальник управління,104.7,Управління будівництва,37371727,Оболонська районна в місті Києві державна адміністрація,null,null,null,+380444188888,ubaz-orda@kyivcity.gov.ua,Пн-Пт 08:00-17:00,Перерва на обід: 12:00-12:45
104.8-1,Кириченко Світлана Юріївна,2,В.о. начальника управління,104.8,Управління житлово-комунального господарства,37371727,Оболонська районна в місті Києві державна адміністрація,null,null,null,+380444267203,uzhkg_obolon@kyivcity.gov.ua,"Пн-Чт 08:00-17:00, Пт 08:00-15:45",Перерва на обід: 12:00-12:45
104.9-1,Царіков Олександр Олександрович,1,Начальник управління,104.9,Управління освіти,37371727,Оболонська районна в місті Києві державна адміністрація,null,null,null,+380444186331,uoor@obolonrda.gov.ua,"Пн-Чт 08:00-17:00, Пт 08:00-15:45",Перерва на обід: 12:00-12:45
104.10-1,Образцов Олександр Валентинович,1,Начальник відділу,104.10,Відділ молоді та спорту,37371727,Оболонська районна в місті Києві державна адміністрація,null,null,null,+380444186903,Oleksandr.Obraztsov@kyivcity.gov.ua,"Пн-Чт 08:00-17:00, Пт 08:00-15:45",Перерва на обід: 12:00-12:45
106-1,Наконечний Володимир Михайлович,1,Голова,106,Подільська районна в місті Києві державна адміністрація,37333608,Подільська районна в місті Києві державна адміністрація,https://podil.kyivcity.gov.ua/persons/volodimir-nakonechniy,null,null,+380444851905,rda.podilska@kyivcity.gov.ua,"Пн-Чт 08:00-17:00, Пт 08:00-15:45",Перерва на обід: 12:00-12:45
106.1-1,Якимчук Дмитро Ігорович,1,Виконувач обов'язків керівника апарату,106.1,Апарат Подільської районної в місті Києві державної адміністрації,37333608,Подільська районна в місті Києві державна адміністрація,null,null,null,+380444851905,rda.podilska@kyivcity.gov.ua,"Пн-Чт 08:00-17:00, Пт 08:00-15:45",Перерва на обід: 12:00-12:45
106.2-1,Ющенко-Савенкова Олена Вікторівна,2,Начальник управління,106.2,Управління (Центр) надання адміністративних послуг,37333608,Подільська районна в місті Києві державна адміністрація,null,null,null,+380443666482,cnap_podilrda@kyivcity.gov.ua,Пн-Пт 09:00-18:00,null
106.3-1,Бернадська Світлана Борисівна,2,Начальник управління,106.3,Управління соціальної та ветеранської політики,37333608,Подільська районна в місті Києві державна адміністрація,null,null,null,+380444252525,podil_usvp@kyivciti.gov.ua,"Пн-Чт 08:00-17:00, Пт 08:00-15:45",Перерва на обід: 12:00-12:45
106.4-1,Сидоренко Олексій Миколайович,1,Начальник управління,106.4,Управління освіти,37333608,Подільська районна в місті Києві державна адміністрація,null,null,null,+380444250477,osvita_podilrda@kmda.gov.ua,"Пн-Чт 08:00-17:00, Пт 08:00-15:45",Перерва на обід: 12:00-12:45
106.5-1,Гаватюк Євгенія Петрівна,2,Виконувач обов'язків начальника відділу,106.5,Відділ культури,37333608,Подільська районна в місті Києві державна адміністрація,null,null,https://www.facebook.com/profile.php?id=61576869868534&locale=uk_UA,+380444251190,vk_podilrda@kmda.gov.ua,"Пн-Чт 08:00-17:00, Пт 08:00-15:45",Перерва на обід: 12:00-12:45
106.6-1,Смаровоз Ігор Олександрович,1,Начальник управління,106.6,Управління житлово-комунального господарства,37333608,Подільська районна в місті Києві державна адміністрація,null,null,null,+380444251072,ujkg_podilrda@kmda.gov.ua,"Пн-Чт 08:00-17:00, Пт 08:00-15:45",Перерва на обід: 12:00-12:45
106.7-1,Кузьменко Олена Олександрівна,2,Начальник відділу,106.7,Відділ молоді та спорту,37333608,Подільська районна в місті Києві державна адміністрація,null,null,null,+380444825154,vsms_podilrda@kmda.gov.ua,"Пн-Чт 08:00-17:00, Пт 08:00-15:45",Перерва на обід: 12:00-12:45
106.8-1,Федорова Любов Петрівна,2,Начальник Cлужби,106.8,Служба у справах дітей та сім'ї,37333608,Подільська районна в місті Києві державна адміністрація,null,null,null,+380444250271,ssd_podilrda@kyivcity.gov.ua,"Пн-Чт 08:00-17:00, Пт 08:00-15:45",Перерва на обід: 12:00-12:45
106.9-1,Кабанець Лариса Миколаївна,2,Начальник управління,106.9,Фінансове управління,37333608,Подільська районна в місті Києві державна адміністрація,null,null,null,+380444258081,rfu_podilrda@kmda.gov.ua,"Пн-Чт 08:00-17:00, Пт 08:00-15:45",Перерва на обід: 12:00-12:45
106.10-1,Писарук Руслан Анатолійович,1,Начальник управління,106.10,Управління будівництва,37333608,Подільська районна в місті Києві державна адміністрація,null,null,null,+380444251504,ukbaz_podilrda@kmda.gov.ua,"Пн-Чт 08:00-17:00, Пт 08:00-15:45",Перерва на обід: 12:00-12:45
107-1,Зантарая Георгій Малхазович,1,Голова,107,Святошинська районна в місті Києві державна адміністрація,37395418,Святошинська районна в місті Києві державна адміністрація,null,https://svyat.kyivcity.gov.ua/administratsiia/kerivnytstvo/holova-sviatoshynskoi-raionnoi-v-misti-kyievi-derzhavnoi-administratsii,null,+380444243006,"doc.srda@kyivcity.gov.ua, zgsrda@kyivcity.gov.ua",Пн-Пт 09:00-18:00,"Перерва на обід: 12:00-12:45, прийом: Ср 15:00-17:00"
107.1-1,Судаков Юрій Олексійович,1,Керівник апарату,107.1,Апарат Святошинської районної в місті Києві державної адміністрації,37395418,Святошинська районна в місті Києві державна адміністрація,null,https://svyat.kyivcity.gov.ua/administratsiia/kerivnytstvo/kerivnyk-aparatu-sviatoshynskoi-raionnoi-v-misti-kyievi-derzhavnoi-administratsii,null,null,yurii.sudakov@kyivcity.gov.ua,Пн-Пт 09:00-18:00,"Перерва на обід: 12:00-12:45, прийом: Чт 15:00-17:00"
107.2-1,Вівсяна Алла Володимирівна,2,В. о. Начальника управління,107.2,Управління соціальної та ветеранської політики,37395418,Святошинська районна в місті Києві державна адміністрація,null,null,null,+380444059271,"ruszn08@kyivcity.gov.ua, mon3008@kyivcity.gov.ua","Пн-Чт 08:00-17:00, Пт 08:00-15:45",Перерва на обід: 12:00-12:45
107.3-1,Сукенніков Олексій Вячеславович,1,Начальник управління,107.3,Управління освіти,37395418,Святошинська районна в місті Києві державна адміністрація,https://svyatruo.org.ua/kerivnycztvo/#,null,null,+380444033003,svyatoshinruo@kmda.gov.ua,Пн-Пт 09:00-18:00,Перерва на обід: 12:00-12:45
107.4-1,Топоренко Світлана Анатоліївна,2,Начальник служби,107.4,Служба у справах дітей та сім'ї,37395418,Святошинська районна в місті Києві державна адміністрація,null,null,null,+380444072570,ssds_sviatoshyn@kyivcity.gov.ua,Пн-Пт 08:00-17:00,Перерва на обід: 12:00-12:45
107.5-1,Шпак Юлія Валеріївна,2,Начальник управління,107.5,Управління (Центр) надання адміністративних послуг,37395418,Святошинська районна в місті Києві державна адміністрація,https://kyivcnap.gov.ua/OneStopShops/Details/c61f7ad2-ca07-47b5-8082-bee50f261ca6,https://svyat.kyivcity.gov.ua/administratsiia/struktura/strukturni-pidrozdily-raionnoi-v-misti-kyievi-derzhavnoi-administratsii-z-pravom-iurydychnoi-osoby/upravlinnia-tsentr-nadannia-administratyvnykh-posluh,null,+380442992370,cnapsrda@kyivcity.gov.ua,Пн-Пт 09:00-18:00,null
107.6-1,Стародубова Олена Борисівна,2,Начальник відділу,107.6,Відділ культури,37395418,Святошинська районна в місті Києві державна адміністрація,null,null,null,+380444248415,culture.sv@kyivcity.gov.ua,"Пн-Чт 08:00-17:00, Пт 08:00-15:45",null
107.7-1,Серб Оксана Сергіївна,2,Начальник управління,107.7,Управління житлово-комунального господарства,37395418,Святошинська районна в місті Києві державна адміністрація,null,null,null,null,null,"Пн-Чт 08:00-17:00, Пт 08:00-15:45",Перерва на обід: 12:00-12:45
107.8-1,Кучерявий Андрій Михайлович,1,Начальник управління,107.8,"Управління будівництва, архітектури та землекористування",37395418,Святошинська районна в місті Києві державна адміністрація,null,null,null,+380444242514,ubazsrda@kyivcity.gov.ua,"Пн-Чт 08:00-17:00, Пт 08:00-15:45",Перерва на обід: 12:00-12:45
107.9-1,Солосіч Антоніна Анатоліївна,2,Начальник управління,107.9,Фінансове управління,37395418,Святошинська районна в місті Києві державна адміністрація,null,null,null,+380444500717,37498625@kyivcity.gov.ua,"Пн-Чт 08:00-17:00, Пт 08:00-15:45",Перерва на обід: 12:00-12:45
107.10-1,Татарченко Валентин Михайлович,1,Начальник управління,107.10,Управління молоді та спорту,37395418,Святошинська районна в місті Києві державна адміністрація,null,null,null,+380444270530,rums.srda@kyivcity.gov.ua,"Пн-Чт 08:00-17:00, Пт 08:00-15:45",Перерва на обід: 12:00-12:45
108-1,Мовенко Сергій Олександрович,1,Голова,108,Солом'янська районна в місті Києві державна адміністрація,37378937,Солом'янська районна в місті Києві державна адміністрація,null,https://solom.kyivcity.gov.ua/persons/sergiy-movenko,null,null,grda204a@gmail.com,"Пн-Чт 08:00-17:00, Пт 08:00-15:45","Перерва на обід: 12:00-12:45, прийом: Ср 15:00-17:00"
108.1-1,Думенко Наталія Дмитрівна,2,Керівник апарату,108.1,Апарат Солом'янської районної в місті Києві державної адміністрації,37378937,Солом'янська районна в місті Києві державна адміністрація,null,https://solom.kyivcity.gov.ua/persons/nataliya-dumenko,null,+380442070920,sofiia.dunaievska@kyivcity.gov.ua,"Пн-Чт 08:00-17:00, Пт 08:00-15:45",Перерва на обід: 12:00-12:45
108.2-1,Сидорчук Андрій Юрійович,1,Начальник управління,108.2,Управління житлово-комунального господарства та будівництва,37378937,Солом'янська районна в місті Києві державна адміністрація,null,https://solom.kyivcity.gov.ua/upravlinnia-zhytlovo-komunalnoho-hospodarstva-ta-budivnytstva,null,+380442073939,ujkg_solor@kyivcity.gov.ua,"Пн-Чт 08:00-17:00, Пт 08:00-15:45",Перерва на обід: 12:00-12:45
108.3-1,Давиденко Вікторія Вікторівна,2,Начальник служби,108.3,Служба у справах дітей та сім'ї,37378937,Солом'янська районна в місті Києві державна адміністрація,null,null,null,+380442494761,ssd_solor@kyivcity.gov.ua,"Пн-Чт 08:00-17:00, Пт 08:00-15:45",Перерва на обід: 12:00-12:45
108.4-1,Соколова Ірина Іллівна,2,В.о. начальника управління,108.4,Управління культури,37485417,Солом'янська районна в місті Києві державна адміністрація,null,null,null,+380442070991,culture_solor@kyivcity.gov.ua,"Пн-Чт 08:00-17:00, Пт 08:00-15:45","Перерва на обід: 12:00-12:45, прийом: Чт 10:00-15:00"
108.5-1,Шахрай Тетяна Анатоліївна,2,Начальник управління,108.5,Управління соціальної та ветеранської політики,37485511,Солом'янська районна в місті Києві державна адміністрація,null,null,null,+380442073900,solomuszn3009@kyivcity.gov.ua,"Пн-Чт 08:00-17:00, Пт 08:00-15:45","Перерва на обід: 12:00-12:45, прийом: Вт, Чт 10:00-12:00"
108.6-1,Бондаренко Людмила Михайлівна,2,Начальник управління,108.6,Управління (Центр) надання адміністративних послуг,37378937,Солом'янська районна в місті Києві державна адміністрація,null,null,null,+380442070926,cnap_solor@kyivcity.gov.ua,Пн-Сб 09:00-18:00,null
108.7-1,Єлістратова Юлія Сергіївна,2,Начальник управління,108.7,Управління молоді та спорту,37378937,Солом'янська районна в місті Києві державна адміністрація,null,null,null,+380442070910,ums_solor@kyivcity.gov.ua,"Пн-Чт 08:00-17:00, Пт 08:00-15:45",Перерва на обід: 12:00-12:45
108.8-1,Ужицький Віктор Брониславович,1,Начальник управління,108.8,Управління освіти,37378937,Солом'янська районна в місті Києві державна адміністрація,null,null,null,+380442422171,viktor.uzhytskyi@kyivcity.gov.ua,"Пн-Чт 08:00-17:00, Пт 08:00-15:45",Перерва на обід: 12:00-12:45
108.9-1,Аністратенко Олена Олександрівна,2,Начальник управління,108.9,Фінансове управління,37378937,Солом'янська районна в місті Києві державна адміністрація,null,null,null,+380502070946,finsolom@kyivcity.gov.ua,"Пн-Чт 08:00-17:00, Пт 08:00-15:45",Перерва на обід: 12:00-12:45
109-1,Сазанович Олександр Романович,1,Голова,109,Шевченківська районна в місті Києві державна адміністрація,37405111,Шевченківська районна в місті Києві державна адміністрація,null,https://shev.kyivcity.gov.ua/persons/oleksandr-sazanovich,null,null,null,"Пн-Чт 08:00-17:00, Пт 08:00-15:45",Перерва на обід: 12:00-12:45
109.1-1,Царан Віталій Павлович,1,Керівник апарату,109.1,Апарат Шевченківської районної в місті Києві державної адміністрації,37405111,Шевченківська районна в місті Києві державна адміністрація,null,https://shev.kyivcity.gov.ua/persons/caran-vitaliy,null,+380443665888,null,"Пн-Чт 08:00-17:00, Пт 08:00-15:45",Перерва на обід: 12:00-12:45
109.2-1,Макошко Леся Валентинівна,2,Начальник управління,109.2,Управління культури,37405111,Шевченківська районна в місті Києві державна адміністрація,null,null,null,+380442356293,lesia.makoshko@shev.kmda.gov.ua,"Пн-Чт 08:00-17:00, Пт 08:00-15:45",Перерва на обід: 12:00-12:45
109.3-1,Ярова Євгенія Валентинівна,2,Начальник управління,109.3,Управління освіти,37405111,Шевченківська районна в місті Києві державна адміністрація,null,null,null,+380444890250,priyom.shevruo@kyivcity.gov.ua,"Пн-Чт 08:00-17:00, Пт 08:00-15:45",Перерва на обід: 12:00-12:45
109.4-1,Скляренко Тетяна Олександрівна,2,В.о. начальника Управління (Центру),109.4,Управління (Центр) надання адміністративних послуг,37405111,Шевченківська районна в місті Києві державна адміністрація,null,https://shev.kyivcity.gov.ua/upravlinnia-tsentr-nadannia-administratyvnykh-posluh?v=661d2f795ed05,https://www.facebook.com/profile.php?id=100093229599570,+380443665869,cnap@shev.kmda.gov.ua,Пн-Сб 09:00-18:00,null
109.5-1,Давиденко Віктор Іванович,1,Начальник управління,109.5,Управління соціальної та ветеранської політики,37405111,Шевченківська районна в місті Києві державна адміністрація,null,null,null,+380443665810,ruszn@snev.kmda.gov.ua,"Пн-Чт 08:00-17:00, Пт 08:00-15:45",null
109.6-1,Михайлова Дар'я Олександрівна,2,В.о. начальника управління,109.6,"Управління містобудування, архітектури та землекористування",37405111,Шевченківська районна в місті Києві державна адміністрація,null,null,null,+380444009789,null,"Пн-Чт 08:00-17:00, Пт 08:00-15:45",Перерва на обід: 12:00-12:45
109.7-1,Даруга Олександр Іванович,1,Начальник управління,109.7,Управління житлово-комунального господарства,37405111,Шевченківська районна в місті Києві державна адміністрація,null,null,null,+380442344536,ujkgshevch@shev.kmda.gov.ua,"Пн-Чт 08:00-17:00, Пт 08:00-15:45",Перерва на обід: 12:00-12:45
109.8-1,Дмитренко Олександр Миколайович,1,Начальник служби,109.8,Служба у справах дітей та сім'ї,37405111,Шевченківська районна в місті Києві державна адміністрація,null,null,null,+380442309300,ssds@shev.kmda.gov.ua,"Пн-Чт 08:00-17:00, Пт 08:00-15:45",Перерва на обід: 12:00-12:45
109.9-1,Лозко Сергій Васильович,1,Начальник управління,109.9,Фінансове управління,37405111,Шевченківська районна в місті Києві державна адміністрація,null,null,null,+380444820010,Serhii.Lozko@shev.kmda.gov.ua,"Пн-Чт 08:00-17:00, Пт 08:00-15:45",Перерва на обід: 12:00-12:45
109.10-1,Вязіна Ольга Миколаївна,2,Начальник управління,109.10,Управління молоді та спорту,37405111,Шевченківська районна в місті Києві державна адміністрація,null,https://shev.kyivcity.gov.ua/viddil-molodi-ta-sportu?v=661d301f4e1b0,https://www.facebook.com/profile.php?id=61552735361491,+380443665913,shevsport_molod@ukr.net,"Пн-Чт 08:00-17:00, Пт 08:00-15:45",Перерва на обід: 12:00-12:45
