uid,vehicleNumber,vehicleVin,bodyType,brand,model,year,agencyId,agencyName,routeId,status,dateFrom,dateUntil,capacity,capacitySeated,capacityStanding,wheelchairAccessible,isLowFloor,bikesAllowed
1.1,null,null,автобус,null,null,null,30056005,ПП Універсал-Транс,150,Використовується,null,null,null,не менше 21,null,0,null,0
1.2,null,null,автобус,null,null,null,30056005,ПП Універсал-Транс,150,Використовується,null,null,null,не менше 21,null,0,null,0
1.3,null,null,автобус,null,null,null,30056005,ПП Універсал-Транс,150,Використовується,null,null,null,не менше 21,null,0,null,0
1.4,null,null,автобус,null,null,null,30056005,ПП Універсал-Транс,150,Використовується,null,null,null,не менше 21,null,0,null,0
1.5,null,null,автобус,null,null,null,30056005,ПП Універсал-Транс,150,Використовується,null,null,null,не менше 21,null,0,null,0
1.6,null,null,автобус,null,null,null,30056005,ПП Універсал-Транс,150,Використовується,null,null,null,не менше 21,null,0,null,0
1.7,null,null,автобус,null,null,null,30056005,ПП Універсал-Транс,150,Використовується,null,null,null,не менше 21,null,0,null,0
1.8,null,null,автобус,null,null,null,30056005,ПП Універсал-Транс,150,Використовується,null,null,null,не менше 21,null,0,null,0
1.9,null,null,автобус,null,null,null,30056005,ПП Універсал-Транс,150,Використовується,null,null,null,не менше 21,null,0,null,0
1.10.,null,null,автобус,null,null,null,30056005,ПП Універсал-Транс,150,Використовується,null,null,null,не менше 21,null,0,null,0
2.1,null,null,автобус,null,null,null,24102067,ПП Парк,151,Використовується,null,null,не менше 50,не менше 21,null,0,null,0
2.2,null,null,автобус,null,null,null,24102067,ПП Парк,151,Використовується,null,null,не менше 50,не менше 21,null,0,null,0
2.3,null,null,автобус,null,null,null,24102067,ПП Парк,151,Використовується,null,null,не менше 50,не менше 21,null,0,null,0
2.4,null,null,автобус,null,null,null,24102067,ПП Парк,151,Використовується,null,null,не менше 50,не менше 21,null,0,null,0
2.5,null,null,автобус,null,null,null,24102067,ПП Парк,151,Використовується,null,null,не менше 50,не менше 21,null,0,null,0
3.1,null,null,автобус,null,null,null,30977976,ПП АВЕН-ЄЗЄР,157,Використовується,null,null,не менше 50,не менше 21,null,0,null,0
3.2,null,null,автобус,null,null,null,30977976,ПП АВЕН-ЄЗЄР,157,Використовується,null,null,не менше 50,не менше 21,null,0,null,0
3.3,null,null,автобус,null,null,null,30977976,ПП АВЕН-ЄЗЄР,157,Використовується,null,null,не менше 50,не менше 21,null,0,null,0
3.4,null,null,автобус,null,null,null,30977976,ПП АВЕН-ЄЗЄР,157,Використовується,null,null,не менше 50,не менше 21,null,0,null,0
3.5,null,null,автобус,null,null,null,30977976,ПП АВЕН-ЄЗЄР,157,Використовується,null,null,не менше 50,не менше 21,null,0,null,0
4.1,null,null,автобус,null,null,null,24102067,ПП Парк,165,Використовується,null,null,null,не менше 21,null,0,null,0
4.2,null,null,автобус,null,null,null,24102067,ПП Парк,165,Використовується,null,null,null,не менше 21,null,0,null,0
5.1,null,null,автобус,null,null,null,30977976,ПП АВЕН-ЄЗЄР,166,Використовується,null,null,null,не менше 21,null,0,null,0
5.2,null,null,автобус,null,null,null,30977976,ПП АВЕН-ЄЗЄР,166,Використовується,null,null,null,не менше 21,null,0,null,0
5.3,null,null,автобус,null,null,null,30977976,ПП АВЕН-ЄЗЄР,166,Використовується,null,null,null,не менше 21,null,0,null,0
5.4,null,null,автобус,null,null,null,30977976,ПП АВЕН-ЄЗЄР,166,Використовується,null,null,null,не менше 21,null,0,null,0
5.5,null,null,автобус,null,null,null,30977976,ПП АВЕН-ЄЗЄР,166,Використовується,null,null,null,не менше 21,null,0,null,0
6.1,null,null,автобус,null,null,null,30056005,ПП Універсал-Транс,171,Використовується,null,null,не менше 50,не менше 21,null,0,null,0
6.2,null,null,автобус,null,null,null,30056005,ПП Універсал-Транс,171,Використовується,null,null,не менше 50,не менше 21,null,0,null,0
6.3,null,null,автобус,null,null,null,30056005,ПП Універсал-Транс,171,Використовується,null,null,не менше 50,не менше 21,null,0,null,0
6.4,null,null,автобус,null,null,null,30056005,ПП Універсал-Транс,171,Використовується,null,null,не менше 50,не менше 21,null,0,null,0
6.5,null,null,автобус,null,null,null,30056005,ПП Універсал-Транс,171,Використовується,null,null,не менше 50,не менше 21,null,0,null,0
7.1,null,null,автобус,null,null,null,32527677,ТОВ Радонь,174,Використовується,null,null,не менше 50,не менше 21,null,0,null,0
7.2,null,null,автобус,null,null,null,32527677,ТОВ Радонь,174,Використовується,null,null,не менше 50,не менше 21,null,0,null,0
7.3,null,null,автобус,null,null,null,32527677,ТОВ Радонь,174,Використовується,null,null,не менше 50,не менше 21,null,0,null,0
8.1,null,null,автобус,null,null,null,30977976,ПП АВЕН-ЄЗЄР,177,Використовується,null,null,не менше 50,не менше 21,null,0,null,0
8.2,null,null,автобус,null,null,null,30977976,ПП АВЕН-ЄЗЄР,177,Використовується,null,null,не менше 50,не менше 21,null,0,null,0
8.3,null,null,автобус,null,null,null,30977976,ПП АВЕН-ЄЗЄР,177,Використовується,null,null,не менше 50,не менше 21,null,0,null,0
8.4,null,null,автобус,null,null,null,30977976,ПП АВЕН-ЄЗЄР,177,Використовується,null,null,не менше 50,не менше 21,null,0,null,0
8.5,null,null,автобус,null,null,null,30977976,ПП АВЕН-ЄЗЄР,177,Використовується,null,null,не менше 50,не менше 21,null,0,null,0
8.6,null,null,автобус,null,null,null,30977976,ПП АВЕН-ЄЗЄР,177,Використовується,null,null,не менше 50,не менше 21,null,0,null,0
8.7,null,null,автобус,null,null,null,30977976,ПП АВЕН-ЄЗЄР,177,Використовується,null,null,не менше 50,не менше 21,null,0,null,0
8.8,null,null,автобус,null,null,null,30977976,ПП АВЕН-ЄЗЄР,177,Використовується,null,null,не менше 50,не менше 21,null,0,null,0
9.1,null,null,автобус,null,null,null,30977976,ПП АВЕН-ЄЗЄР,178,Використовується,null,null,не менше 50,не менше 21,null,0,null,0
9.2,null,null,автобус,null,null,null,30977976,ПП АВЕН-ЄЗЄР,178,Використовується,null,null,не менше 50,не менше 21,null,0,null,0
9.3,null,null,автобус,null,null,null,30977976,ПП АВЕН-ЄЗЄР,178,Використовується,null,null,не менше 50,не менше 21,null,0,null,0
9.4,null,null,автобус,null,null,null,30977976,ПП АВЕН-ЄЗЄР,178,Використовується,null,null,не менше 50,не менше 21,null,0,null,0
9.5,null,null,автобус,null,null,null,30977976,ПП АВЕН-ЄЗЄР,178,Використовується,null,null,не менше 50,не менше 21,null,0,null,0
9.6,null,null,автобус,null,null,null,30977976,ПП АВЕН-ЄЗЄР,178,Використовується,null,null,не менше 50,не менше 21,null,0,null,0
9.7,null,null,автобус,null,null,null,30977976,ПП АВЕН-ЄЗЄР,178,Використовується,null,null,не менше 50,не менше 21,null,0,null,0
9.8,null,null,автобус,null,null,null,30977976,ПП АВЕН-ЄЗЄР,178,Використовується,null,null,не менше 50,не менше 21,null,0,null,0
9.9,null,null,автобус,null,null,null,30977976,ПП АВЕН-ЄЗЄР,178,Використовується,null,null,не менше 50,не менше 21,null,0,null,0
9.1,null,null,автобус,null,null,null,30977976,ПП АВЕН-ЄЗЄР,178,Використовується,null,null,не менше 50,не менше 21,null,0,null,0
10.1,null,null,автобус,null,null,null,30977976,ПП АВЕН-ЄЗЄР,179,Використовується,null,null,null,не менше 21,null,0,null,0
10.2,null,null,автобус,null,null,null,30977976,ПП АВЕН-ЄЗЄР,179,Використовується,null,null,null,не менше 21,null,0,null,0
10.3,null,null,автобус,null,null,null,30977976,ПП АВЕН-ЄЗЄР,179,Використовується,null,null,null,не менше 21,null,0,null,0
11.1,null,null,автобус,null,null,null,32159460,ТОВ Ярославь-Авто,180,Використовується,null,null,не менше 50,не менше 21,null,0,null,0
11.2,null,null,автобус,null,null,null,32159460,ТОВ Ярославь-Авто,180,Використовується,null,null,не менше 50,не менше 21,null,0,null,0
11.3,null,null,автобус,null,null,null,32159460,ТОВ Ярославь-Авто,180,Використовується,null,null,не менше 50,не менше 21,null,0,null,0
11.4,null,null,автобус,null,null,null,32159460,ТОВ Ярославь-Авто,180,Використовується,null,null,не менше 50,не менше 21,null,0,null,0
11.5,null,null,автобус,null,null,null,32159460,ТОВ Ярославь-Авто,180,Використовується,null,null,не менше 50,не менше 21,null,0,null,0
12.1,null,null,автобус,null,null,null,30977976,ПП АВЕН-ЄЗЄР,181,Використовується,null,null,не менше 50,не менше 21,null,0,null,0
12.2,null,null,автобус,null,null,null,30977976,ПП АВЕН-ЄЗЄР,181,Використовується,null,null,не менше 50,не менше 21,null,0,null,0
12.3,null,null,автобус,null,null,null,30977976,ПП АВЕН-ЄЗЄР,181,Використовується,null,null,не менше 50,не менше 21,null,0,null,0
12.4,null,null,автобус,null,null,null,30977976,ПП АВЕН-ЄЗЄР,181,Використовується,null,null,не менше 50,не менше 21,null,0,null,0
12.5,null,null,автобус,null,null,null,30977976,ПП АВЕН-ЄЗЄР,181,Використовується,null,null,не менше 50,не менше 21,null,0,null,0
12.6,null,null,автобус,null,null,null,30977976,ПП АВЕН-ЄЗЄР,181,Використовується,null,null,не менше 50,не менше 21,null,0,null,0
12.7,null,null,автобус,null,null,null,30977976,ПП АВЕН-ЄЗЄР,181,Використовується,null,null,не менше 50,не менше 21,null,0,null,0
13.1,null,null,автобус,null,null,null,30977976,ПП АВЕН-ЄЗЄР,182,Використовується,null,null,не менше 50,не менше 21,null,0,null,0
13.2,null,null,автобус,null,null,null,30977976,ПП АВЕН-ЄЗЄР,182,Використовується,null,null,не менше 50,не менше 21,null,0,null,0
13.3,null,null,автобус,null,null,null,30977976,ПП АВЕН-ЄЗЄР,182,Використовується,null,null,не менше 50,не менше 21,null,0,null,0
13.4,null,null,автобус,null,null,null,30977976,ПП АВЕН-ЄЗЄР,182,Використовується,null,null,не менше 50,не менше 21,null,0,null,0
13.5,null,null,автобус,null,null,null,30977976,ПП АВЕН-ЄЗЄР,182,Використовується,null,null,не менше 50,не менше 21,null,0,null,0
13.6,null,null,автобус,null,null,null,30977976,ПП АВЕН-ЄЗЄР,182,Використовується,null,null,не менше 50,не менше 21,null,0,null,0
14.1,null,null,автобус,null,null,null,30056005,ПП Універсал-Транс,183,Використовується,null,null,не менше 50,не менше 21,null,0,null,0
14.2,null,null,автобус,null,null,null,30056005,ПП Універсал-Транс,183,Використовується,null,null,не менше 50,не менше 21,null,0,null,0
14.3,null,null,автобус,null,null,null,30056005,ПП Універсал-Транс,183,Використовується,null,null,не менше 50,не менше 21,null,0,null,0
14.4,null,null,автобус,null,null,null,30056005,ПП Універсал-Транс,183,Використовується,null,null,не менше 50,не менше 21,null,0,null,0
14.5,null,null,автобус,null,null,null,30056005,ПП Універсал-Транс,183,Використовується,null,null,не менше 50,не менше 21,null,0,null,0
15.1,null,null,автобус,null,null,null,43700504,ТОВ Деснянська Автобаза,187,Використовується,null,null,null,не менше 21,null,0,null,0
15.2,null,null,автобус,null,null,null,43700504,ТОВ Деснянська Автобаза,187,Використовується,null,null,null,не менше 21,null,0,null,0
15.3,null,null,автобус,null,null,null,43700504,ТОВ Деснянська Автобаза,187,Використовується,null,null,null,не менше 21,null,0,null,0
15.4,null,null,автобус,null,null,null,43700504,ТОВ Деснянська Автобаза,187,Використовується,null,null,null,не менше 21,null,0,null,0
15.5,null,null,автобус,null,null,null,43700504,ТОВ Деснянська Автобаза,187,Використовується,null,null,null,не менше 21,null,0,null,0
15.6,null,null,автобус,null,null,null,43700504,ТОВ Деснянська Автобаза,187,Використовується,null,null,null,не менше 21,null,0,null,0
15.7,null,null,автобус,null,null,null,43700504,ТОВ Деснянська Автобаза,187,Використовується,null,null,null,не менше 21,null,0,null,0
15.8,null,null,автобус,null,null,null,43700504,ТОВ Деснянська Автобаза,187,Використовується,null,null,null,не менше 21,null,0,null,0
16.1,null,null,автобус,null,null,null,24102067,ПП Парк,188,Використовується,null,null,null,не менше 21,null,0,null,0
16.2,null,null,автобус,null,null,null,24102067,ПП Парк,188,Використовується,null,null,null,не менше 21,null,0,null,0
16.3,null,null,автобус,null,null,null,24102067,ПП Парк,188,Використовується,null,null,null,не менше 21,null,0,null,0
16.4,null,null,автобус,null,null,null,24102067,ПП Парк,188,Використовується,null,null,null,не менше 21,null,0,null,0
16.5,null,null,автобус,null,null,null,24102067,ПП Парк,188,Використовується,null,null,null,не менше 21,null,0,null,0
16.6,null,null,автобус,null,null,null,24102067,ПП Парк,188,Використовується,null,null,null,не менше 21,null,0,null,0
16.7,null,null,автобус,null,null,null,24102067,ПП Парк,188,Використовується,null,null,null,не менше 21,null,0,null,0
16.8,null,null,автобус,null,null,null,24102067,ПП Парк,188,Використовується,null,null,null,не менше 21,null,0,null,0
16.9,null,null,автобус,null,null,null,24102067,ПП Парк,188,Використовується,null,null,null,не менше 21,null,0,null,0
16.1,null,null,автобус,null,null,null,24102067,ПП Парк,188,Використовується,null,null,null,не менше 21,null,0,null,0
17.1,null,null,автобус,null,null,null,32159460,ТОВ Ярославь-Авто,189,Використовується,null,null,null,не менше 21,null,0,null,0
17.2,null,null,автобус,null,null,null,32159460,ТОВ Ярославь-Авто,189,Використовується,null,null,null,не менше 21,null,0,null,0
17.3,null,null,автобус,null,null,null,32159460,ТОВ Ярославь-Авто,189,Використовується,null,null,null,не менше 21,null,0,null,0
17.4,null,null,автобус,null,null,null,32159460,ТОВ Ярославь-Авто,189,Використовується,null,null,null,не менше 21,null,0,null,0
17.5,null,null,автобус,null,null,null,32159460,ТОВ Ярославь-Авто,189,Використовується,null,null,null,не менше 21,null,0,null,0
19.1,null,null,автобус,null,null,null,30056005,ПП Універсал-Транс,192,Використовується,null,null,null,не менше 21,null,0,null,0
19.2,null,null,автобус,null,null,null,30056005,ПП Універсал-Транс,192,Використовується,null,null,null,не менше 21,null,0,null,0
19.3,null,null,автобус,null,null,null,30056005,ПП Універсал-Транс,192,Використовується,null,null,null,не менше 21,null,0,null,0
19.4,null,null,автобус,null,null,null,30056005,ПП Універсал-Транс,192,Використовується,null,null,null,не менше 21,null,0,null,0
19.5,null,null,автобус,null,null,null,30056005,ПП Універсал-Транс,192,Використовується,null,null,null,не менше 21,null,0,null,0
19.6,null,null,автобус,null,null,null,30056005,ПП Універсал-Транс,192,Використовується,null,null,null,не менше 21,null,0,null,0
19.7,null,null,автобус,null,null,null,30056005,ПП Універсал-Транс,192,Використовується,null,null,null,не менше 21,null,0,null,0
19.8,null,null,автобус,null,null,null,30056005,ПП Універсал-Транс,192,Використовується,null,null,null,не менше 21,null,0,null,0
20.1,null,null,автобус,null,null,null,30977976,ПП АВЕН-ЄЗЄР,193,Використовується,null,null,не менше 50,не менше 21,null,0,null,0
20.2,null,null,автобус,null,null,null,30977976,ПП АВЕН-ЄЗЄР,193,Використовується,null,null,не менше 50,не менше 21,null,0,null,0
20.3,null,null,автобус,null,null,null,30977976,ПП АВЕН-ЄЗЄР,193,Використовується,null,null,не менше 50,не менше 21,null,0,null,0
20.4,null,null,автобус,null,null,null,30977976,ПП АВЕН-ЄЗЄР,193,Використовується,null,null,не менше 50,не менше 21,null,0,null,0
20.5,null,null,автобус,null,null,null,30977976,ПП АВЕН-ЄЗЄР,193,Використовується,null,null,не менше 50,не менше 21,null,0,null,0
20.6,null,null,автобус,null,null,null,35080121,ТОВ Д-М Київтранс,194,Використовується,null,null,null,не менше 21,null,0,null,0
20.7,null,null,автобус,null,null,null,35080121,ТОВ Д-М Київтранс,194,Використовується,null,null,null,не менше 21,null,0,null,0
20.8,null,null,автобус,null,null,null,35080121,ТОВ Д-М Київтранс,194,Використовується,null,null,null,не менше 21,null,0,null,0
20.9,null,null,автобус,null,null,null,35080121,ТОВ Д-М Київтранс,194,Використовується,null,null,null,не менше 21,null,0,null,0
20.1,null,null,автобус,null,null,null,35080121,ТОВ Д-М Київтранс,194,Використовується,null,null,null,не менше 21,null,0,null,0
21.1,null,null,автобус,null,null,null,30056005,ПП Універсал-Транс,198,Використовується,null,null,не менше 50,не менше 21,null,0,null,0
21.2,null,null,автобус,null,null,null,30056005,ПП Універсал-Транс,198,Використовується,null,null,не менше 50,не менше 21,null,0,null,0
21.3,null,null,автобус,null,null,null,30056005,ПП Універсал-Транс,198,Використовується,null,null,не менше 50,не менше 21,null,0,null,0
21.4,null,null,автобус,null,null,null,30056005,ПП Універсал-Транс,198,Використовується,null,null,не менше 50,не менше 21,null,0,null,0
22.1,null,null,автобус,null,null,null,30056005,ПП Універсал-Транс,200К,Використовується,null,null,null,не менше 21,null,0,null,0
22.2,null,null,автобус,null,null,null,30056005,ПП Універсал-Транс,200К,Використовується,null,null,null,не менше 21,null,0,null,0
22.3,null,null,автобус,null,null,null,30056005,ПП Універсал-Транс,200К,Використовується,null,null,null,не менше 21,null,0,null,0
22.4,null,null,автобус,null,null,null,30056005,ПП Універсал-Транс,200К,Використовується,null,null,null,не менше 21,null,0,null,0
22.5,null,null,автобус,null,null,null,30056005,ПП Універсал-Транс,200К,Використовується,null,null,null,не менше 21,null,0,null,0
22.6,null,null,автобус,null,null,null,30056005,ПП Універсал-Транс,200К,Використовується,null,null,null,не менше 21,null,0,null,0
23.1,null,null,автобус,null,null,null,24102067,ПП Парк,201,Використовується,null,null,null,не менше 21,null,0,null,0
23.2,null,null,автобус,null,null,null,24102067,ПП Парк,201,Використовується,null,null,null,не менше 21,null,0,null,0
23.3,null,null,автобус,null,null,null,24102067,ПП Парк,201,Використовується,null,null,null,не менше 21,null,0,null,0
23.4,null,null,автобус,null,null,null,24102067,ПП Парк,201,Використовується,null,null,null,не менше 21,null,0,null,0
23.5,null,null,автобус,null,null,null,24102067,ПП Парк,201,Використовується,null,null,null,не менше 21,null,0,null,0
23.6,null,null,автобус,null,null,null,24102067,ПП Парк,201,Використовується,null,null,null,не менше 21,null,0,null,0
23.7,null,null,автобус,null,null,null,24102067,ПП Парк,201,Використовується,null,null,null,не менше 21,null,0,null,0
23.8,null,null,автобус,null,null,null,24102067,ПП Парк,201,Використовується,null,null,null,не менше 21,null,0,null,0
23.9,null,null,автобус,null,null,null,24102067,ПП Парк,201,Використовується,null,null,null,не менше 21,null,0,null,0
23.1,null,null,автобус,null,null,null,24102067,ПП Парк,201,Використовується,null,null,null,не менше 21,null,0,null,0
23.11,null,null,автобус,null,null,null,24102067,ПП Парк,201,Використовується,null,null,null,не менше 21,null,0,null,0
23.12,null,null,автобус,null,null,null,24102067,ПП Парк,201,Використовується,null,null,null,не менше 21,null,0,null,0
23.13,null,null,автобус,null,null,null,24102067,ПП Парк,201,Використовується,null,null,null,не менше 21,null,0,null,0
24.1,null,null,автобус,null,null,null,33305729,ТОВ Кийтранс-2005,202,Використовується,null,null,null,не менше 21,null,0,null,0
24.2,null,null,автобус,null,null,null,33305729,ТОВ Кийтранс-2005,202,Використовується,null,null,null,не менше 21,null,0,null,0
24.3,null,null,автобус,null,null,null,33305729,ТОВ Кийтранс-2005,202,Використовується,null,null,null,не менше 21,null,0,null,0
24.4,null,null,автобус,null,null,null,33305729,ТОВ Кийтранс-2005,202,Використовується,null,null,null,не менше 21,null,0,null,0
24.5,null,null,автобус,null,null,null,33305729,ТОВ Кийтранс-2005,202,Використовується,null,null,null,не менше 21,null,0,null,0
24.6,null,null,автобус,null,null,null,33305729,ТОВ Кийтранс-2005,202,Використовується,null,null,null,не менше 21,null,0,null,0
25.1,null,null,автобус,null,null,null,33305729,ТОВ Кийтранс-2005,203,Використовується,null,null,null,не менше 21,null,0,null,0
25.2,null,null,автобус,null,null,null,33305729,ТОВ Кийтранс-2005,203,Використовується,null,null,null,не менше 21,null,0,null,0
25.3,null,null,автобус,null,null,null,33305729,ТОВ Кийтранс-2005,203,Використовується,null,null,null,не менше 21,null,0,null,0
25.4,null,null,автобус,null,null,null,33305729,ТОВ Кийтранс-2005,203,Використовується,null,null,null,не менше 21,null,0,null,0
25.5,null,null,автобус,null,null,null,33305729,ТОВ Кийтранс-2005,203,Використовується,null,null,null,не менше 21,null,0,null,0
26.1,null,null,автобус,null,null,null,30056005,ПП Універсал-Транс,205,Використовується,null,null,null,не менше 21,null,0,null,0
26.2,null,null,автобус,null,null,null,30056005,ПП Універсал-Транс,205,Використовується,null,null,null,не менше 21,null,0,null,0
26.3,null,null,автобус,null,null,null,30056005,ПП Універсал-Транс,205,Використовується,null,null,null,не менше 21,null,0,null,0
26.4,null,null,автобус,null,null,null,30056005,ПП Універсал-Транс,205,Використовується,null,null,null,не менше 21,null,0,null,0
26.5,null,null,автобус,null,null,null,30056005,ПП Універсал-Транс,205,Використовується,null,null,null,не менше 21,null,0,null,0
26.6,null,null,автобус,null,null,null,30056005,ПП Універсал-Транс,205,Використовується,null,null,null,не менше 21,null,0,null,0
26.7,null,null,автобус,null,null,null,30056005,ПП Універсал-Транс,205,Використовується,null,null,null,не менше 21,null,0,null,0
26.8,null,null,автобус,null,null,null,30056005,ПП Універсал-Транс,205,Використовується,null,null,null,не менше 21,null,0,null,0
27.1,null,null,автобус,null,null,null,30977976,ПП АВЕН-ЄЗЄР,211,Використовується,null,null,null,не менше 21,null,0,null,0
27.2,null,null,автобус,null,null,null,30977976,ПП АВЕН-ЄЗЄР,211,Використовується,null,null,null,не менше 21,null,0,null,0
27.3,null,null,автобус,null,null,null,30977976,ПП АВЕН-ЄЗЄР,211,Використовується,null,null,null,не менше 21,null,0,null,0
27.4,null,null,автобус,null,null,null,30977976,ПП АВЕН-ЄЗЄР,211,Використовується,null,null,null,не менше 21,null,0,null,0
27.5,null,null,автобус,null,null,null,30977976,ПП АВЕН-ЄЗЄР,211,Використовується,null,null,null,не менше 21,null,0,null,0
27.6,null,null,автобус,null,null,null,30977976,ПП АВЕН-ЄЗЄР,211,Використовується,null,null,null,не менше 21,null,0,null,0
27.7,null,null,автобус,null,null,null,30977976,ПП АВЕН-ЄЗЄР,211,Використовується,null,null,null,не менше 21,null,0,null,0
27.8,null,null,автобус,null,null,null,30977976,ПП АВЕН-ЄЗЄР,211,Використовується,null,null,null,не менше 21,null,0,null,0
27.9,null,null,автобус,null,null,null,30977976,ПП АВЕН-ЄЗЄР,211,Використовується,null,null,null,не менше 21,null,0,null,0
28.1,null,null,автобус,null,null,null,30977976,ПП АВЕН-ЄЗЄР,212,Використовується,null,null,null,не менше 21,null,0,null,0
28.2,null,null,автобус,null,null,null,30977976,ПП АВЕН-ЄЗЄР,212,Використовується,null,null,null,не менше 21,null,0,null,0
28.3,null,null,автобус,null,null,null,30977976,ПП АВЕН-ЄЗЄР,212,Використовується,null,null,null,не менше 21,null,0,null,0
28.4,null,null,автобус,null,null,null,30977976,ПП АВЕН-ЄЗЄР,212,Використовується,null,null,null,не менше 21,null,0,null,0
28.5,null,null,автобус,null,null,null,30977976,ПП АВЕН-ЄЗЄР,212,Використовується,null,null,null,не менше 21,null,0,null,0
28.6,null,null,автобус,null,null,null,30977976,ПП АВЕН-ЄЗЄР,212,Використовується,null,null,null,не менше 21,null,0,null,0
28.7,null,null,автобус,null,null,null,30977976,ПП АВЕН-ЄЗЄР,212,Використовується,null,null,null,не менше 21,null,0,null,0
28.8,null,null,автобус,null,null,null,30977976,ПП АВЕН-ЄЗЄР,212,Використовується,null,null,null,не менше 21,null,0,null,0
28.9,null,null,автобус,null,null,null,30977976,ПП АВЕН-ЄЗЄР,212,Використовується,null,null,null,не менше 21,null,0,null,0
28.1,null,null,автобус,null,null,null,30977976,ПП АВЕН-ЄЗЄР,212,Використовується,null,null,null,не менше 21,null,0,null,0
28.12,null,null,автобус,null,null,null,30977976,ПП АВЕН-ЄЗЄР,212,Використовується,null,null,null,не менше 21,null,0,null,0
29.1,null,null,автобус,null,null,null,33305729,ТОВ Кийтранс-2005,222,Використовується,null,null,null,не менше 21,null,0,null,0
29.2,null,null,автобус,null,null,null,33305729,ТОВ Кийтранс-2005,222,Використовується,null,null,null,не менше 21,null,0,null,0
29.3,null,null,автобус,null,null,null,33305729,ТОВ Кийтранс-2005,222,Використовується,null,null,null,не менше 21,null,0,null,0
29.4,null,null,автобус,null,null,null,33305729,ТОВ Кийтранс-2005,222,Використовується,null,null,null,не менше 21,null,0,null,0
29.5,null,null,автобус,null,null,null,33305729,ТОВ Кийтранс-2005,222,Використовується,null,null,null,не менше 21,null,0,null,0
30.1,null,null,автобус,null,null,null,33305729,ТОВ Кийтранс-2005,223,Використовується,null,null,null,не менше 21,null,0,null,0
30.2,null,null,автобус,null,null,null,33305729,ТОВ Кийтранс-2005,223,Використовується,null,null,null,не менше 21,null,0,null,0
30.3,null,null,автобус,null,null,null,33305729,ТОВ Кийтранс-2005,223,Використовується,null,null,null,не менше 21,null,0,null,0
30.4,null,null,автобус,null,null,null,33305729,ТОВ Кийтранс-2005,223,Використовується,null,null,null,не менше 21,null,0,null,0
30.5,null,null,автобус,null,null,null,33305729,ТОВ Кийтранс-2005,223,Використовується,null,null,null,не менше 21,null,0,null,0
30.6,null,null,автобус,null,null,null,33305729,ТОВ Кийтранс-2005,223,Використовується,null,null,null,не менше 21,null,0,null,0
30.7,null,null,автобус,null,null,null,33305729,ТОВ Кийтранс-2005,223,Використовується,null,null,null,не менше 21,null,0,null,0
30.8,null,null,автобус,null,null,null,33305729,ТОВ Кийтранс-2005,223,Використовується,null,null,null,не менше 21,null,0,null,0
31.1,null,null,автобус,null,null,null,30977976,ПП АВЕН-ЄЗЄР,225,Використовується,null,null,null,не менше 21,null,0,null,0
31.2,null,null,автобус,null,null,null,30977976,ПП АВЕН-ЄЗЄР,225,Використовується,null,null,null,не менше 21,null,0,null,0
31.3,null,null,автобус,null,null,null,30977976,ПП АВЕН-ЄЗЄР,225,Використовується,null,null,null,не менше 21,null,0,null,0
32.1,null,null,автобус,null,null,null,30056005,ПП Універсал-Транс,227,Використовується,null,null,null,null,null,0,null,0
32.2,null,null,автобус,null,null,null,30056005,ПП Універсал-Транс,227,Використовується,null,null,null,null,null,0,null,0
32.3,null,null,автобус,null,null,null,30056005,ПП Універсал-Транс,227,Використовується,null,null,null,null,null,0,null,0
32.4,null,null,автобус,null,null,null,30056005,ПП Універсал-Транс,227,Використовується,null,null,null,null,null,0,null,0
32.5,null,null,автобус,null,null,null,30056005,ПП Універсал-Транс,227,Використовується,null,null,null,null,null,0,null,0
32.6,null,null,автобус,null,null,null,30056005,ПП Універсал-Транс,227,Використовується,null,null,null,null,null,0,null,0
33.1,null,null,автобус,null,null,null,30977976,ПП АВЕН-ЄЗЄР,233,Використовується,null,null,null,не менше 21,null,0,null,0
33.2,null,null,автобус,null,null,null,30977976,ПП АВЕН-ЄЗЄР,233,Використовується,null,null,null,не менше 21,null,0,null,0
33.3,null,null,автобус,null,null,null,30977976,ПП АВЕН-ЄЗЄР,233,Використовується,null,null,null,не менше 21,null,0,null,0
33.4,null,null,автобус,null,null,null,30977976,ПП АВЕН-ЄЗЄР,233,Використовується,null,null,null,не менше 21,null,0,null,0
33.5,null,null,автобус,null,null,null,30977976,ПП АВЕН-ЄЗЄР,233,Використовується,null,null,null,не менше 21,null,0,null,0
33.6,null,null,автобус,null,null,null,30977976,ПП АВЕН-ЄЗЄР,233,Використовується,null,null,null,не менше 21,null,0,null,0
34.1,null,null,автобус,null,null,null,33305729,ТОВ Кийтранс-2005,239,Використовується,null,null,null,не менше 21,null,0,null,0
34.2,null,null,автобус,null,null,null,33305729,ТОВ Кийтранс-2005,239,Використовується,null,null,null,не менше 21,null,0,null,0
34.3,null,null,автобус,null,null,null,33305729,ТОВ Кийтранс-2005,239,Використовується,null,null,null,не менше 21,null,0,null,0
34.4,null,null,автобус,null,null,null,33305729,ТОВ Кийтранс-2005,239,Використовується,null,null,null,не менше 21,null,0,null,0
34.5,null,null,автобус,null,null,null,33305729,ТОВ Кийтранс-2005,239,Використовується,null,null,null,не менше 21,null,0,null,0
34.6,null,null,автобус,null,null,null,33305729,ТОВ Кийтранс-2005,239,Використовується,null,null,null,не менше 21,null,0,null,0
34.7,null,null,автобус,null,null,null,33305729,ТОВ Кийтранс-2005,239,Використовується,null,null,null,не менше 21,null,0,null,0
34.8,null,null,автобус,null,null,null,33305729,ТОВ Кийтранс-2005,239,Використовується,null,null,null,не менше 21,null,0,null,0
34.9,null,null,автобус,null,null,null,33305729,ТОВ Кийтранс-2005,239,Використовується,null,null,null,не менше 21,null,0,null,0
34.1,null,null,автобус,null,null,null,33305729,ТОВ Кийтранс-2005,239,Використовується,null,null,null,не менше 21,null,0,null,0
35.1,null,null,автобус,null,null,null,30977976,ПП АВЕН-ЄЗЄР,240,Використовується,null,null,null,не менше 21,null,0,null,0
35.2,null,null,автобус,null,null,null,30977976,ПП АВЕН-ЄЗЄР,240,Використовується,null,null,null,не менше 21,null,0,null,0
35.3,null,null,автобус,null,null,null,30977976,ПП АВЕН-ЄЗЄР,240,Використовується,null,null,null,не менше 21,null,0,null,0
35.4,null,null,автобус,null,null,null,30977976,ПП АВЕН-ЄЗЄР,240,Використовується,null,null,null,не менше 21,null,0,null,0
35.5,null,null,автобус,null,null,null,30977976,ПП АВЕН-ЄЗЄР,240,Використовується,null,null,null,не менше 21,null,0,null,0
36.1,null,null,автобус,null,null,null,30977976,ПП АВЕН-ЄЗЄР,241,Використовується,null,null,null,не менше 21,null,0,null,0
36.2,null,null,автобус,null,null,null,30977976,ПП АВЕН-ЄЗЄР,241,Використовується,null,null,null,не менше 21,null,0,null,0
36.3,null,null,автобус,null,null,null,30977976,ПП АВЕН-ЄЗЄР,241,Використовується,null,null,null,не менше 21,null,0,null,0
36.4,null,null,автобус,null,null,null,30977976,ПП АВЕН-ЄЗЄР,241,Використовується,null,null,null,не менше 21,null,0,null,0
36.5,null,null,автобус,null,null,null,30977976,ПП АВЕН-ЄЗЄР,241,Використовується,null,null,null,не менше 21,null,0,null,0
36.6,null,null,автобус,null,null,null,30977976,ПП АВЕН-ЄЗЄР,241,Використовується,null,null,null,не менше 21,null,0,null,0
36.7,null,null,автобус,null,null,null,30977976,ПП АВЕН-ЄЗЄР,241,Використовується,null,null,null,не менше 21,null,0,null,0
36.8,null,null,автобус,null,null,null,30977976,ПП АВЕН-ЄЗЄР,241,Використовується,null,null,null,не менше 21,null,0,null,0
37.1,null,null,автобус,null,null,null,30977976,ПП АВЕН-ЄЗЄР,242,Використовується,null,null,null,не менше 21,null,0,null,0
37.2,null,null,автобус,null,null,null,30977976,ПП АВЕН-ЄЗЄР,242,Використовується,null,null,null,не менше 21,null,0,null,0
37.3,null,null,автобус,null,null,null,30977976,ПП АВЕН-ЄЗЄР,242,Використовується,null,null,null,не менше 21,null,0,null,0
37.4,null,null,автобус,null,null,null,30977976,ПП АВЕН-ЄЗЄР,242,Використовується,null,null,null,не менше 21,null,0,null,0
37.5,null,null,автобус,null,null,null,30977976,ПП АВЕН-ЄЗЄР,242,Використовується,null,null,null,не менше 21,null,0,null,0
37.6,null,null,автобус,null,null,null,30977976,ПП АВЕН-ЄЗЄР,242,Використовується,null,null,null,не менше 21,null,0,null,0
37.7,null,null,автобус,null,null,null,30977976,ПП АВЕН-ЄЗЄР,242,Використовується,null,null,null,не менше 21,null,0,null,0
37.8,null,null,автобус,null,null,null,30977976,ПП АВЕН-ЄЗЄР,242,Використовується,null,null,null,не менше 21,null,0,null,0
37.9,null,null,автобус,null,null,null,30977976,ПП АВЕН-ЄЗЄР,242,Використовується,null,null,null,не менше 21,null,0,null,0
38.1,null,null,автобус,null,null,null,32527677,ТОВ Радонь,249,Використовується,null,null,не менше 50,не менше 21,null,0,null,0
38.2,null,null,автобус,null,null,null,32527677,ТОВ Радонь,249,Використовується,null,null,не менше 50,не менше 21,null,0,null,0
38.3,null,null,автобус,null,null,null,32527677,ТОВ Радонь,249,Використовується,null,null,не менше 50,не менше 21,null,0,null,0
38.4,null,null,автобус,null,null,null,32527677,ТОВ Радонь,249,Використовується,null,null,не менше 50,не менше 21,null,0,null,0
38.5,null,null,автобус,null,null,null,32527677,ТОВ Радонь,249,Використовується,null,null,не менше 50,не менше 21,null,0,null,0
38.6,null,null,автобус,null,null,null,32527677,ТОВ Радонь,249,Використовується,null,null,не менше 50,не менше 21,null,0,null,0
38.7,null,null,автобус,null,null,null,32527677,ТОВ Радонь,249,Використовується,null,null,не менше 50,не менше 21,null,0,null,0
39.1,null,null,автобус,null,null,null,30977976,ПП АВЕН-ЄЗЄР,250,Використовується,null,null,не менше 50,не менше 21,null,0,null,0
39.2,null,null,автобус,null,null,null,30977976,ПП АВЕН-ЄЗЄР,250,Використовується,null,null,не менше 50,не менше 21,null,0,null,0
39.3,null,null,автобус,null,null,null,30977976,ПП АВЕН-ЄЗЄР,250,Використовується,null,null,не менше 50,не менше 21,null,0,null,0
39.4,null,null,автобус,null,null,null,30977976,ПП АВЕН-ЄЗЄР,250,Використовується,null,null,не менше 50,не менше 21,null,0,null,0
39.5,null,null,автобус,null,null,null,30977976,ПП АВЕН-ЄЗЄР,250,Використовується,null,null,не менше 50,не менше 21,null,0,null,0
40.1,null,null,автобус,null,null,null,30056005,ПП Універсал-Транс,401,Використовується,null,null,null,не менше 21,null,0,null,0
40.2,null,null,автобус,null,null,null,30056005,ПП Універсал-Транс,401,Використовується,null,null,null,не менше 21,null,0,null,0
40.3,null,null,автобус,null,null,null,30056005,ПП Універсал-Транс,401,Використовується,null,null,null,не менше 21,null,0,null,0
40.4,null,null,автобус,null,null,null,30056005,ПП Універсал-Транс,401,Використовується,null,null,null,не менше 21,null,0,null,0
40.5,null,null,автобус,null,null,null,30056005,ПП Універсал-Транс,401,Використовується,null,null,null,не менше 21,null,0,null,0
40.6,null,null,автобус,null,null,null,30056005,ПП Універсал-Транс,401,Використовується,null,null,null,не менше 21,null,0,null,0
40.7,null,null,автобус,null,null,null,30056005,ПП Універсал-Транс,401,Використовується,null,null,null,не менше 21,null,0,null,0
40.8,null,null,автобус,null,null,null,30056005,ПП Універсал-Транс,401,Використовується,null,null,null,не менше 21,null,0,null,0
40.9,null,null,автобус,null,null,null,30056005,ПП Універсал-Транс,401,Використовується,null,null,null,не менше 21,null,0,null,0
40.1,null,null,автобус,null,null,null,30056005,ПП Універсал-Транс,401,Використовується,null,null,null,не менше 21,null,0,null,0
40.11,null,null,автобус,null,null,null,30056005,ПП Універсал-Транс,401,Використовується,null,null,null,не менше 21,null,0,null,0
40.12,null,null,автобус,null,null,null,30056005,ПП Універсал-Транс,401,Використовується,null,null,null,не менше 21,null,0,null,0
40.13,null,null,автобус,null,null,null,30056005,ПП Універсал-Транс,401,Використовується,null,null,null,не менше 21,null,0,null,0
40.14,null,null,автобус,null,null,null,30056005,ПП Універсал-Транс,401,Використовується,null,null,null,не менше 21,null,0,null,0
40.15,null,null,автобус,null,null,null,30056005,ПП Універсал-Транс,401,Використовується,null,null,null,не менше 21,null,0,null,0
40.16,null,null,автобус,null,null,null,30056005,ПП Універсал-Транс,401,Використовується,null,null,null,не менше 21,null,0,null,0
40.17,null,null,автобус,null,null,null,30056005,ПП Універсал-Транс,401,Використовується,null,null,null,не менше 21,null,0,null,0
40.18,null,null,автобус,null,null,null,30056005,ПП Універсал-Транс,401,Використовується,null,null,null,не менше 21,null,0,null,0
41.1,null,null,автобус,null,null,null,30056005,ПП Універсал-Транс,402,Використовується,null,null,не менше 50,не менше 21,null,0,null,0
41.2,null,null,автобус,null,null,null,30056005,ПП Універсал-Транс,402,Використовується,null,null,не менше 50,не менше 21,null,0,null,0
41.3,null,null,автобус,null,null,null,30056005,ПП Універсал-Транс,402,Використовується,null,null,не менше 50,не менше 21,null,0,null,0
41.4,null,null,автобус,null,null,null,30056005,ПП Універсал-Транс,402,Використовується,null,null,не менше 50,не менше 21,null,0,null,0
42.1,null,null,автобус,null,null,null,32159460,ТОВ Ярославь-Авто,405,Використовується,null,null,null,не менше 21,null,0,null,0
42.2,null,null,автобус,null,null,null,32159460,ТОВ Ярославь-Авто,405,Використовується,null,null,null,не менше 21,null,0,null,0
42.3,null,null,автобус,null,null,null,32159460,ТОВ Ярославь-Авто,405,Використовується,null,null,null,не менше 21,null,0,null,0
42.4,null,null,автобус,null,null,null,32159460,ТОВ Ярославь-Авто,405,Використовується,null,null,null,не менше 21,null,0,null,0
42.5,null,null,автобус,null,null,null,32159460,ТОВ Ярославь-Авто,405,Використовується,null,null,null,не менше 21,null,0,null,0
43.1,null,null,автобус,null,null,null,30056005,ПП Універсал-Транс,407,Використовується,null,null,null,не менше 21,null,0,null,0
43.2,null,null,автобус,null,null,null,30056005,ПП Універсал-Транс,407,Використовується,null,null,null,не менше 21,null,0,null,0
43.3,null,null,автобус,null,null,null,30056005,ПП Універсал-Транс,407,Використовується,null,null,null,не менше 21,null,0,null,0
43.4,null,null,автобус,null,null,null,30056005,ПП Універсал-Транс,407,Використовується,null,null,null,не менше 21,null,0,null,0
43.5,null,null,автобус,null,null,null,30056005,ПП Універсал-Транс,407,Використовується,null,null,null,не менше 21,null,0,null,0
43.6,null,null,автобус,null,null,null,30056005,ПП Універсал-Транс,407,Використовується,null,null,null,не менше 21,null,0,null,0
44.1,null,null,автобус,null,null,null,24102067,ПП Парк,408,Використовується,null,null,null,не менше 21,null,0,null,0
44.2,null,null,автобус,null,null,null,24102067,ПП Парк,408,Використовується,null,null,null,не менше 21,null,0,null,0
44.3,null,null,автобус,null,null,null,24102067,ПП Парк,408,Використовується,null,null,null,не менше 21,null,0,null,0
44.4,null,null,автобус,null,null,null,24102067,ПП Парк,408,Використовується,null,null,null,не менше 21,null,0,null,0
44.5,null,null,автобус,null,null,null,24102067,ПП Парк,408,Використовується,null,null,null,не менше 21,null,0,null,0
44.6,null,null,автобус,null,null,null,24102067,ПП Парк,408,Використовується,null,null,null,не менше 21,null,0,null,0
44.7,null,null,автобус,null,null,null,24102067,ПП Парк,408,Використовується,null,null,null,не менше 21,null,0,null,0
44.8,null,null,автобус,null,null,null,24102067,ПП Парк,408,Використовується,null,null,null,не менше 21,null,0,null,0
44.9,null,null,автобус,null,null,null,24102067,ПП Парк,408,Використовується,null,null,null,не менше 21,null,0,null,0
44.1,null,null,автобус,null,null,null,24102067,ПП Парк,408,Використовується,null,null,null,не менше 21,null,0,null,0
44.11,null,null,автобус,null,null,null,24102067,ПП Парк,408,Використовується,null,null,null,не менше 21,null,0,null,0
44.12,null,null,автобус,null,null,null,24102067,ПП Парк,408,Використовується,null,null,null,не менше 21,null,0,null,0
44.13,null,null,автобус,null,null,null,24102067,ПП Парк,408,Використовується,null,null,null,не менше 21,null,0,null,0
44.14,null,null,автобус,null,null,null,24102067,ПП Парк,408,Використовується,null,null,null,не менше 21,null,0,null,0
45.1,null,null,автобус,null,null,null,24102067,ПП Парк,410,Використовується,null,null,не менше 50,не менше 21,null,0,null,0
45.2,null,null,автобус,null,null,null,24102067,ПП Парк,410,Використовується,null,null,не менше 50,не менше 21,null,0,null,0
45.3,null,null,автобус,null,null,null,24102067,ПП Парк,410,Використовується,null,null,не менше 50,не менше 21,null,0,null,0
45.4,null,null,автобус,null,null,null,24102067,ПП Парк,410,Використовується,null,null,не менше 50,не менше 21,null,0,null,0
45.5,null,null,автобус,null,null,null,24102067,ПП Парк,410,Використовується,null,null,не менше 50,не менше 21,null,0,null,0
45.6,null,null,автобус,null,null,null,24102067,ПП Парк,410,Використовується,null,null,не менше 50,не менше 21,null,0,null,0
45.7,null,null,автобус,null,null,null,24102067,ПП Парк,410,Використовується,null,null,не менше 50,не менше 21,null,0,null,0
45.8,null,null,автобус,null,null,null,24102067,ПП Парк,410,Використовується,null,null,не менше 50,не менше 21,null,0,null,0
46.1,null,null,автобус,null,null,null,33305729,ТОВ Кийтранс-2005,411,Використовується,null,null,null,не менше 21,null,0,null,0
46.2,null,null,автобус,null,null,null,33305729,ТОВ Кийтранс-2005,411,Використовується,null,null,null,не менше 21,null,0,null,0
46.3,null,null,автобус,null,null,null,33305729,ТОВ Кийтранс-2005,411,Використовується,null,null,null,не менше 21,null,0,null,0
46.4,null,null,автобус,null,null,null,33305729,ТОВ Кийтранс-2005,411,Використовується,null,null,null,не менше 21,null,0,null,0
46.5,null,null,автобус,null,null,null,33305729,ТОВ Кийтранс-2005,411,Використовується,null,null,null,не менше 21,null,0,null,0
47.1,null,null,автобус,null,null,null,32159460,ТОВ Ярославь-Авто,415,Використовується,null,null,null,не менше 21,null,0,null,0
47.2,null,null,автобус,null,null,null,32159460,ТОВ Ярославь-Авто,415,Використовується,null,null,null,не менше 21,null,0,null,0
47.3,null,null,автобус,null,null,null,32159460,ТОВ Ярославь-Авто,415,Використовується,null,null,null,не менше 21,null,0,null,0
47.4,null,null,автобус,null,null,null,32159460,ТОВ Ярославь-Авто,415,Використовується,null,null,null,не менше 21,null,0,null,0
47.5,null,null,автобус,null,null,null,32159460,ТОВ Ярославь-Авто,415,Використовується,null,null,null,не менше 21,null,0,null,0
47.6,null,null,автобус,null,null,null,32159460,ТОВ Ярославь-Авто,415,Використовується,null,null,null,не менше 21,null,0,null,0
47.7,null,null,автобус,null,null,null,32159460,ТОВ Ярославь-Авто,415,Використовується,null,null,null,не менше 21,null,0,null,0
47.8,null,null,автобус,null,null,null,32159460,ТОВ Ярославь-Авто,415,Використовується,null,null,null,не менше 21,null,0,null,0
47.9,null,null,автобус,null,null,null,32159460,ТОВ Ярославь-Авто,415,Використовується,null,null,null,не менше 21,null,0,null,0
48.1,null,null,автобус,null,null,null,30056005,ПП Універсал-Транс,416,Використовується,null,null,не менше 50,не менше 21,null,0,null,0
48.2,null,null,автобус,null,null,null,30056005,ПП Універсал-Транс,416,Використовується,null,null,не менше 50,не менше 21,null,0,null,0
48.3,null,null,автобус,null,null,null,30056005,ПП Універсал-Транс,416,Використовується,null,null,не менше 50,не менше 21,null,0,null,0
48.4,null,null,автобус,null,null,null,30056005,ПП Універсал-Транс,416,Використовується,null,null,не менше 50,не менше 21,null,0,null,0
48.5,null,null,автобус,null,null,null,30056005,ПП Універсал-Транс,416,Використовується,null,null,не менше 50,не менше 21,null,0,null,0
48.6,null,null,автобус,null,null,null,30056005,ПП Універсал-Транс,416,Використовується,null,null,не менше 50,не менше 21,null,0,null,0
48.7,null,null,автобус,null,null,null,30056005,ПП Універсал-Транс,416,Використовується,null,null,не менше 50,не менше 21,null,0,null,0
48.8,null,null,автобус,null,null,null,30056005,ПП Універсал-Транс,416,Використовується,null,null,не менше 50,не менше 21,null,0,null,0
48.9,null,null,автобус,null,null,null,30056005,ПП Універсал-Транс,416,Використовується,null,null,не менше 50,не менше 21,null,0,null,0
48.1,null,null,автобус,null,null,null,30056005,ПП Універсал-Транс,416,Використовується,null,null,не менше 50,не менше 21,null,0,null,0
48.11,null,null,автобус,null,null,null,30056005,ПП Універсал-Транс,416,Використовується,null,null,не менше 50,не менше 21,null,0,null,0
48.12,null,null,автобус,null,null,null,30056005,ПП Універсал-Транс,416,Використовується,null,null,не менше 50,не менше 21,null,0,null,0
49.1,null,null,автобус,null,null,null,33305729,ТОВ Кийтранс-2005,421,Використовується,null,null,не менше 52,null,null,1,null,0
49.2,null,null,автобус,null,null,null,33305729,ТОВ Кийтранс-2005,421,Використовується,null,null,не менше 52,null,null,1,null,0
49.3,null,null,автобус,null,null,null,33305729,ТОВ Кийтранс-2005,421,Використовується,null,null,не менше 52,null,null,1,null,0
49.4,null,null,автобус,null,null,null,33305729,ТОВ Кийтранс-2005,421,Використовується,null,null,не менше 52,null,null,1,null,0
49.5,null,null,автобус,null,null,null,33305729,ТОВ Кийтранс-2005,421,Використовується,null,null,не менше 52,null,null,1,null,0
49.6,null,null,автобус,null,null,null,33305729,ТОВ Кийтранс-2005,421,Використовується,null,null,не менше 52,null,null,1,null,0
49.7,null,null,автобус,null,null,null,33305729,ТОВ Кийтранс-2005,421,Використовується,null,null,не менше 52,null,null,1,null,0
49.8,null,null,автобус,null,null,null,33305729,ТОВ Кийтранс-2005,421,Використовується,null,null,не менше 52,null,null,1,null,0
49.9,null,null,автобус,null,null,null,33305729,ТОВ Кийтранс-2005,421,Використовується,null,null,не менше 52,null,null,1,null,0
50.1,null,null,автобус,null,null,null,30977976,ПП АВЕН-ЄЗЄР,423,Використовується,null,null,null,не менше 21,null,0,null,0
50.2,null,null,автобус,null,null,null,30977976,ПП АВЕН-ЄЗЄР,423,Використовується,null,null,null,не менше 21,null,0,null,0
50.3,null,null,автобус,null,null,null,30977976,ПП АВЕН-ЄЗЄР,423,Використовується,null,null,null,не менше 21,null,0,null,0
50.4,null,null,автобус,null,null,null,30977976,ПП АВЕН-ЄЗЄР,423,Використовується,null,null,null,не менше 21,null,0,null,0
50.5,null,null,автобус,null,null,null,30977976,ПП АВЕН-ЄЗЄР,423,Використовується,null,null,null,не менше 21,null,0,null,0
51.1,null,null,автобус,null,null,null,32527677,ТОВ Радонь,433,Використовується,null,null,не менше 50,не менше 21,null,0,null,0
51.2,null,null,автобус,null,null,null,32527677,ТОВ Радонь,433,Використовується,null,null,не менше 50,не менше 21,null,0,null,0
51.3,null,null,автобус,null,null,null,32527677,ТОВ Радонь,433,Використовується,null,null,не менше 50,не менше 21,null,0,null,0
51.4,null,null,автобус,null,null,null,32527677,ТОВ Радонь,433,Використовується,null,null,не менше 50,не менше 21,null,0,null,0
51.5,null,null,автобус,null,null,null,32527677,ТОВ Радонь,433,Використовується,null,null,не менше 50,не менше 21,null,0,null,0
51.6,null,null,автобус,null,null,null,32527677,ТОВ Радонь,433,Використовується,null,null,не менше 50,не менше 21,null,0,null,0
51.7,null,null,автобус,null,null,null,32527677,ТОВ Радонь,433,Використовується,null,null,не менше 50,не менше 21,null,0,null,0
52.1,null,null,автобус,null,null,null,32527677,ТОВ Радонь,434,Використовується,null,null,не менше 50,не менше 21,null,0,null,0
52.2,null,null,автобус,null,null,null,32527677,ТОВ Радонь,434,Використовується,null,null,не менше 50,не менше 21,null,0,null,0
52.3,null,null,автобус,null,null,null,32527677,ТОВ Радонь,434,Використовується,null,null,не менше 50,не менше 21,null,0,null,0
52.4,null,null,автобус,null,null,null,32527677,ТОВ Радонь,434,Використовується,null,null,не менше 50,не менше 21,null,0,null,0
52.5,null,null,автобус,null,null,null,32527677,ТОВ Радонь,434,Використовується,null,null,не менше 50,не менше 21,null,0,null,0
52.6,null,null,автобус,null,null,null,32527677,ТОВ Радонь,434,Використовується,null,null,не менше 50,не менше 21,null,0,null,0
52.7,null,null,автобус,null,null,null,32527677,ТОВ Радонь,434,Використовується,null,null,не менше 50,не менше 21,null,0,null,0
54.1,null,null,автобус,null,null,null,34189167,ТОВ Політехавто-Б,442,Використовується,null,null,null,не менше 21,null,0,null,0
54.2,null,null,автобус,null,null,null,34189167,ТОВ Політехавто-Б,442,Використовується,null,null,null,не менше 21,null,0,null,0
54.3,null,null,автобус,null,null,null,34189167,ТОВ Політехавто-Б,442,Використовується,null,null,null,не менше 21,null,0,null,0
54.4,null,null,автобус,null,null,null,34189167,ТОВ Політехавто-Б,442,Використовується,null,null,null,не менше 21,null,0,null,0
54.5,null,null,автобус,null,null,null,34189167,ТОВ Політехавто-Б,442,Використовується,null,null,null,не менше 21,null,0,null,0
54.6,null,null,автобус,null,null,null,34189167,ТОВ Політехавто-Б,442,Використовується,null,null,null,не менше 21,null,0,null,0
54.9,null,null,автобус,null,null,null,34189167,ТОВ Політехавто-Б,442Д,Використовується,null,null,null,не менше 21,null,0,null,0
54.11,null,null,автобус,null,null,null,34189167,ТОВ Політехавто-Б,442Д,Використовується,null,null,null,не менше 21,null,0,null,0
54.12,null,null,автобус,null,null,null,34189167,ТОВ Політехавто-Б,442Д,Використовується,null,null,null,не менше 21,null,0,null,0
54.13,null,null,автобус,null,null,null,34189167,ТОВ Політехавто-Б,442Д,Використовується,null,null,null,не менше 21,null,0,null,0
55.1,null,null,автобус,null,null,null,35080121,ТОВ Д-М Київтранс,455,Використовується,null,null,не менше 50,не менше 21,null,0,null,0
55.2,null,null,автобус,null,null,null,35080121,ТОВ Д-М Київтранс,455,Використовується,null,null,не менше 50,не менше 21,null,0,null,0
55.3,null,null,автобус,null,null,null,35080121,ТОВ Д-М Київтранс,455,Використовується,null,null,не менше 50,не менше 21,null,0,null,0
55.4,null,null,автобус,null,null,null,35080121,ТОВ Д-М Київтранс,455,Використовується,null,null,не менше 50,не менше 21,null,0,null,0
55.5,null,null,автобус,null,null,null,35080121,ТОВ Д-М Київтранс,455,Використовується,null,null,не менше 50,не менше 21,null,0,null,0
55.6,null,null,автобус,null,null,null,35080121,ТОВ Д-М Київтранс,455,Використовується,null,null,не менше 50,не менше 21,null,0,null,0
55.7,null,null,автобус,null,null,null,35080121,ТОВ Д-М Київтранс,455,Використовується,null,null,не менше 50,не менше 21,null,0,null,0
55.8,null,null,автобус,null,null,null,35080121,ТОВ Д-М Київтранс,455,Використовується,null,null,не менше 50,не менше 21,null,0,null,0
55.9,null,null,автобус,null,null,null,35080121,ТОВ Д-М Київтранс,455,Використовується,null,null,не менше 50,не менше 21,null,0,null,0
55.1,null,null,автобус,null,null,null,35080121,ТОВ Д-М Київтранс,455,Використовується,null,null,не менше 50,не менше 21,null,0,null,0
55.11,null,null,автобус,null,null,null,35080121,ТОВ Д-М Київтранс,455,Використовується,null,null,не менше 50,не менше 21,null,0,null,0
55.12,null,null,автобус,null,null,null,35080121,ТОВ Д-М Київтранс,455,Використовується,null,null,не менше 50,не менше 21,null,0,null,0
55.13,null,null,автобус,null,null,null,35080121,ТОВ Д-М Київтранс,455,Використовується,null,null,не менше 50,не менше 21,null,0,null,0
55.14,null,null,автобус,null,null,null,35080121,ТОВ Д-М Київтранс,455,Використовується,null,null,не менше 50,не менше 21,null,0,null,0
55.15,null,null,автобус,null,null,null,35080121,ТОВ Д-М Київтранс,455,Використовується,null,null,не менше 50,не менше 21,null,0,null,0
55.16,null,null,автобус,null,null,null,35080121,ТОВ Д-М Київтранс,455,Використовується,null,null,не менше 50,не менше 21,null,0,null,0
55.17,null,null,автобус,null,null,null,35080121,ТОВ Д-М Київтранс,455,Використовується,null,null,не менше 50,не менше 21,null,0,null,0
55.18,null,null,автобус,null,null,null,35080121,ТОВ Д-М Київтранс,455,Використовується,null,null,не менше 50,не менше 21,null,0,null,0
55.19,null,null,автобус,null,null,null,35080121,ТОВ Д-М Київтранс,455,Використовується,null,null,не менше 50,не менше 21,null,0,null,0
55.2,null,null,автобус,null,null,null,35080121,ТОВ Д-М Київтранс,455,Використовується,null,null,не менше 50,не менше 21,null,0,null,0
55.21,null,null,автобус,null,null,null,35080121,ТОВ Д-М Київтранс,455,Використовується,null,null,не менше 50,не менше 21,null,0,null,0
55.22,null,null,автобус,null,null,null,35080121,ТОВ Д-М Київтранс,455,Використовується,null,null,не менше 50,не менше 21,null,0,null,0
57.1,null,null,автобус,null,null,null,35080121,ТОВ Д-М Київтранс,463,Використовується,null,null,не менше 50,не менше 21,null,0,null,0
57.2,null,null,автобус,null,null,null,35080121,ТОВ Д-М Київтранс,463,Використовується,null,null,не менше 50,не менше 21,null,0,null,0
57.3,null,null,автобус,null,null,null,35080121,ТОВ Д-М Київтранс,463,Використовується,null,null,не менше 50,не менше 21,null,0,null,0
57.4,null,null,автобус,null,null,null,35080121,ТОВ Д-М Київтранс,463,Використовується,null,null,не менше 50,не менше 21,null,0,null,0
57.5,null,null,автобус,null,null,null,35080121,ТОВ Д-М Київтранс,463,Використовується,null,null,не менше 50,не менше 21,null,0,null,0
57.6,null,null,автобус,null,null,null,35080121,ТОВ Д-М Київтранс,463,Використовується,null,null,не менше 50,не менше 21,null,0,null,0
57.7,null,null,автобус,null,null,null,35080121,ТОВ Д-М Київтранс,463,Використовується,null,null,не менше 50,не менше 21,null,0,null,0
57.8,null,null,автобус,null,null,null,35080121,ТОВ Д-М Київтранс,463,Використовується,null,null,не менше 50,не менше 21,null,0,null,0
57.9,null,null,автобус,null,null,null,35080121,ТОВ Д-М Київтранс,463,Використовується,null,null,не менше 50,не менше 21,null,0,null,0
57.1,null,null,автобус,null,null,null,35080121,ТОВ Д-М Київтранс,463,Використовується,null,null,не менше 50,не менше 21,null,0,null,0
57.11,null,null,автобус,null,null,null,35080121,ТОВ Д-М Київтранс,463,Використовується,null,null,не менше 50,не менше 21,null,0,null,0
57.12,null,null,автобус,null,null,null,35080121,ТОВ Д-М Київтранс,463,Використовується,null,null,не менше 50,не менше 21,null,0,null,0
58.1,null,null,автобус,null,null,null,30977976,ПП АВЕН-ЄЗЄР,465,Використовується,null,null,null,не менше 21,null,0,null,0
58.2,null,null,автобус,null,null,null,30977976,ПП АВЕН-ЄЗЄР,465,Використовується,null,null,null,не менше 21,null,0,null,0
58.3,null,null,автобус,null,null,null,30977976,ПП АВЕН-ЄЗЄР,465,Використовується,null,null,null,не менше 21,null,0,null,0
58.4,null,null,автобус,null,null,null,30977976,ПП АВЕН-ЄЗЄР,465,Використовується,null,null,null,не менше 21,null,0,null,0
58.5,null,null,автобус,null,null,null,30977976,ПП АВЕН-ЄЗЄР,465,Використовується,null,null,null,не менше 21,null,0,null,0
58.6,null,null,автобус,null,null,null,30977976,ПП АВЕН-ЄЗЄР,465,Використовується,null,null,null,не менше 21,null,0,null,0
58.7,null,null,автобус,null,null,null,30977976,ПП АВЕН-ЄЗЄР,465,Використовується,null,null,null,не менше 21,null,0,null,0
58.8,null,null,автобус,null,null,null,30977976,ПП АВЕН-ЄЗЄР,465,Використовується,null,null,null,не менше 21,null,0,null,0
58.9,null,null,автобус,null,null,null,30977976,ПП АВЕН-ЄЗЄР,465,Використовується,null,null,null,не менше 21,null,0,null,0
58.1,null,null,автобус,null,null,null,30977976,ПП АВЕН-ЄЗЄР,465,Використовується,null,null,null,не менше 21,null,0,null,0
59.1,null,null,автобус,null,null,null,30977976,ПП АВЕН-ЄЗЄР,470,Використовується,null,null,null,не менше 21,null,0,null,0
59.2,null,null,автобус,null,null,null,30977976,ПП АВЕН-ЄЗЄР,470,Використовується,null,null,null,не менше 21,null,0,null,0
59.3,null,null,автобус,null,null,null,30977976,ПП АВЕН-ЄЗЄР,470,Використовується,null,null,null,не менше 21,null,0,null,0
59.4,null,null,автобус,null,null,null,30977976,ПП АВЕН-ЄЗЄР,470,Використовується,null,null,null,не менше 21,null,0,null,0
59.5,null,null,автобус,null,null,null,30977976,ПП АВЕН-ЄЗЄР,470,Використовується,null,null,null,не менше 21,null,0,null,0
59.6,null,null,автобус,null,null,null,30977976,ПП АВЕН-ЄЗЄР,470,Використовується,null,null,null,не менше 21,null,0,null,0
59.7,null,null,автобус,null,null,null,30977976,ПП АВЕН-ЄЗЄР,470,Використовується,null,null,null,не менше 21,null,0,null,0
60.1,null,null,автобус,null,null,null,32527677,ТОВ Радонь,472,Використовується,null,null,null,не менше 21,null,0,null,0
60.2,null,null,автобус,null,null,null,32527677,ТОВ Радонь,472,Використовується,null,null,null,не менше 21,null,0,null,0
60.3,null,null,автобус,null,null,null,32527677,ТОВ Радонь,472,Використовується,null,null,null,не менше 21,null,0,null,0
60.4,null,null,автобус,null,null,null,32527677,ТОВ Радонь,472,Використовується,null,null,null,не менше 21,null,0,null,0
60.5,null,null,автобус,null,null,null,32527677,ТОВ Радонь,472,Використовується,null,null,null,не менше 21,null,0,null,0
60.6,null,null,автобус,null,null,null,32527677,ТОВ Радонь,472,Використовується,null,null,null,не менше 21,null,0,null,0
60.7,null,null,автобус,null,null,null,32527677,ТОВ Радонь,472,Використовується,null,null,null,не менше 21,null,0,null,0
60.8,null,null,автобус,null,null,null,32527677,ТОВ Радонь,472,Використовується,null,null,null,не менше 21,null,0,null,0
62.1,null,null,автобус,null,null,null,30977976,ПП АВЕН-ЄЗЄР,475,Використовується,null,null,не менше 50,не менше 21,null,0,null,0
62.2,null,null,автобус,null,null,null,30977976,ПП АВЕН-ЄЗЄР,475,Використовується,null,null,не менше 50,не менше 21,null,0,null,0
63.1,null,null,автобус,null,null,null,32159460,ТОВ Ярославь-Авто,476,Використовується,null,null,null,не менше 21,null,0,null,0
63.2,null,null,автобус,null,null,null,32159460,ТОВ Ярославь-Авто,476,Використовується,null,null,null,не менше 21,null,0,null,0
63.3,null,null,автобус,null,null,null,32159460,ТОВ Ярославь-Авто,476,Використовується,null,null,null,не менше 21,null,0,null,0
63.4,null,null,автобус,null,null,null,32159460,ТОВ Ярославь-Авто,476,Використовується,null,null,null,не менше 21,null,0,null,0
63.5,null,null,автобус,null,null,null,32159460,ТОВ Ярославь-Авто,476,Використовується,null,null,null,не менше 21,null,0,null,0
64.1,null,null,автобус,null,null,null,33305729,ТОВ Кийтранс-2005,477,Використовується,null,null,не менше 50,не менше 21,null,0,null,0
64.2,null,null,автобус,null,null,null,33305729,ТОВ Кийтранс-2005,477,Використовується,null,null,не менше 50,не менше 21,null,0,null,0
64.3,null,null,автобус,null,null,null,33305729,ТОВ Кийтранс-2005,477,Використовується,null,null,не менше 50,не менше 21,null,0,null,0
64.4,null,null,автобус,null,null,null,33305729,ТОВ Кийтранс-2005,477,Використовується,null,null,не менше 50,не менше 21,null,0,null,0
65.1,null,null,автобус,null,null,null,30977976,ПП АВЕН-ЄЗЄР,485,Використовується,null,null,null,не менше 21,null,0,null,0
65.2,null,null,автобус,null,null,null,30977976,ПП АВЕН-ЄЗЄР,485,Використовується,null,null,null,не менше 21,null,0,null,0
65.3,null,null,автобус,null,null,null,30977976,ПП АВЕН-ЄЗЄР,485,Використовується,null,null,null,не менше 21,null,0,null,0
65.4,null,null,автобус,null,null,null,30977976,ПП АВЕН-ЄЗЄР,485,Використовується,null,null,null,не менше 21,null,0,null,0
65.5,null,null,автобус,null,null,null,30977976,ПП АВЕН-ЄЗЄР,485,Використовується,null,null,null,не менше 21,null,0,null,0
65.6,null,null,автобус,null,null,null,30977976,ПП АВЕН-ЄЗЄР,485,Використовується,null,null,null,не менше 21,null,0,null,0
66.1,null,null,автобус,null,null,null,32159460,ТОВ Ярославь-Авто,491,Використовується,null,null,null,не менше 21,null,0,null,0
66.2,null,null,автобус,null,null,null,32159460,ТОВ Ярославь-Авто,491,Використовується,null,null,null,не менше 21,null,0,null,0
66.3,null,null,автобус,null,null,null,32159460,ТОВ Ярославь-Авто,491,Використовується,null,null,null,не менше 21,null,0,null,0
66.4,null,null,автобус,null,null,null,32159460,ТОВ Ярославь-Авто,491,Використовується,null,null,null,не менше 21,null,0,null,0
66.5,null,null,автобус,null,null,null,32159460,ТОВ Ярославь-Авто,491,Використовується,null,null,null,не менше 21,null,0,null,0
66.6,null,null,автобус,null,null,null,32159460,ТОВ Ярославь-Авто,491,Використовується,null,null,null,не менше 21,null,0,null,0
67.1,null,null,автобус,null,null,null,30977976,ПП АВЕН-ЄЗЄР,496,Використовується,null,null,null,не менше 21,null,0,null,0
67.2,null,null,автобус,null,null,null,30977976,ПП АВЕН-ЄЗЄР,496,Використовується,null,null,null,не менше 21,null,0,null,0
67.3,null,null,автобус,null,null,null,30977976,ПП АВЕН-ЄЗЄР,496,Використовується,null,null,null,не менше 21,null,0,null,0
67.4,null,null,автобус,null,null,null,30977976,ПП АВЕН-ЄЗЄР,496,Використовується,null,null,null,не менше 21,null,0,null,0
67.5,null,null,автобус,null,null,null,30977976,ПП АВЕН-ЄЗЄР,496,Використовується,null,null,null,не менше 21,null,0,null,0
67.6,null,null,автобус,null,null,null,30977976,ПП АВЕН-ЄЗЄР,496,Використовується,null,null,null,не менше 21,null,0,null,0
67.7,null,null,автобус,null,null,null,30977976,ПП АВЕН-ЄЗЄР,496,Використовується,null,null,null,не менше 21,null,0,null,0
68.1,null,null,автобус,null,null,null,32527677,ТОВ Радонь,498,Використовується,null,null,не менше 50,не менше 21,null,0,null,0
68.2,null,null,автобус,null,null,null,32527677,ТОВ Радонь,498,Використовується,null,null,не менше 50,не менше 21,null,0,null,0
68.3,null,null,автобус,null,null,null,32527677,ТОВ Радонь,498,Використовується,null,null,не менше 50,не менше 21,null,0,null,0
68.4,null,null,автобус,null,null,null,32527677,ТОВ Радонь,498,Використовується,null,null,не менше 50,не менше 21,null,0,null,0
68.5,null,null,автобус,null,null,null,32527677,ТОВ Радонь,498,Використовується,null,null,не менше 50,не менше 21,null,0,null,0
68.6,null,null,автобус,null,null,null,32527677,ТОВ Радонь,498,Використовується,null,null,не менше 50,не менше 21,null,0,null,0
68.7,null,null,автобус,null,null,null,32527677,ТОВ Радонь,498,Використовується,null,null,не менше 50,не менше 21,null,0,null,0
69.1,null,null,автобус,null,null,null,32527677,ТОВ Радонь,499,Використовується,null,null,не менше 50,не менше 21,null,0,null,0
69.2,null,null,автобус,null,null,null,32527677,ТОВ Радонь,499,Використовується,null,null,не менше 50,не менше 21,null,0,null,0
69.3,null,null,автобус,null,null,null,32527677,ТОВ Радонь,499,Використовується,null,null,не менше 50,не менше 21,null,0,null,0
69.4,null,null,автобус,null,null,null,32527677,ТОВ Радонь,499,Використовується,null,null,не менше 50,не менше 21,null,0,null,0
69.5,null,null,автобус,null,null,null,32527677,ТОВ Радонь,499,Використовується,null,null,не менше 50,не менше 21,null,0,null,0
69.6,null,null,автобус,null,null,null,32527677,ТОВ Радонь,499,Використовується,null,null,не менше 50,не менше 21,null,0,null,0
69.7,null,null,автобус,null,null,null,32527677,ТОВ Радонь,499,Використовується,null,null,не менше 50,не менше 21,null,0,null,0
69.8,null,null,автобус,null,null,null,32527677,ТОВ Радонь,499,Використовується,null,null,не менше 50,не менше 21,null,0,null,0
69.9,null,null,автобус,null,null,null,32527677,ТОВ Радонь,499,Використовується,null,null,не менше 50,не менше 21,null,0,null,0
69.1,null,null,автобус,null,null,null,32527677,ТОВ Радонь,499,Використовується,null,null,не менше 50,не менше 21,null,0,null,0
70.1,null,null,автобус,null,null,null,33305729,ТОВ Кийтранс-2005,503,Використовується,null,null,не менше 50,не менше 21,null,0,null,0
70.2,null,null,автобус,null,null,null,33305729,ТОВ Кийтранс-2005,503,Використовується,null,null,null,не менше 21,null,0,null,0
70.3,null,null,автобус,null,null,null,33305729,ТОВ Кийтранс-2005,503,Використовується,null,null,null,не менше 21,null,0,null,0
70.4,null,null,автобус,null,null,null,33305729,ТОВ Кийтранс-2005,503,Використовується,null,null,null,не менше 21,null,0,null,0
70.5,null,null,автобус,null,null,null,33305729,ТОВ Кийтранс-2005,503,Використовується,null,null,null,не менше 21,null,0,null,0
70.6,null,null,автобус,null,null,null,33305729,ТОВ Кийтранс-2005,503,Використовується,null,null,null,не менше 21,null,0,null,0
70.7,null,null,автобус,null,null,null,33305729,ТОВ Кийтранс-2005,503,Використовується,null,null,null,не менше 21,null,0,null,0
70.8,null,null,автобус,null,null,null,33305729,ТОВ Кийтранс-2005,503,Використовується,null,null,null,не менше 21,null,0,null,0
71.1,null,null,автобус,null,null,null,32527677,ТОВ Радонь,504,Використовується,null,null,не менше 50,не менше 21,null,0,null,0
71.2,null,null,автобус,null,null,null,32527677,ТОВ Радонь,504,Використовується,null,null,не менше 50,не менше 21,null,0,null,0
71.3,null,null,автобус,null,null,null,32527677,ТОВ Радонь,504,Використовується,null,null,не менше 50,не менше 21,null,0,null,0
71.4,null,null,автобус,null,null,null,32527677,ТОВ Радонь,504,Використовується,null,null,не менше 50,не менше 21,null,0,null,0
71.5,null,null,автобус,null,null,null,32527677,ТОВ Радонь,504,Використовується,null,null,не менше 50,не менше 21,null,0,null,0
71.6,null,null,автобус,null,null,null,32527677,ТОВ Радонь,504,Використовується,null,null,не менше 50,не менше 21,null,0,null,0
71.7,null,null,автобус,null,null,null,32527677,ТОВ Радонь,504,Використовується,null,null,не менше 50,не менше 21,null,0,null,0
71.8,null,null,автобус,null,null,null,32527677,ТОВ Радонь,504,Використовується,null,null,не менше 50,не менше 21,null,0,null,0
72.1,null,null,автобус,null,null,null,30056005,ПП Універсал-Транс,509,Використовується,null,null,не менше 50,не менше 21,null,0,null,0
72.2,null,null,автобус,null,null,null,30056005,ПП Універсал-Транс,509,Використовується,null,null,не менше 50,не менше 21,null,0,null,0
72.3,null,null,автобус,null,null,null,30056005,ПП Універсал-Транс,509,Використовується,null,null,не менше 50,не менше 21,null,0,null,0
72.4,null,null,автобус,null,null,null,30056005,ПП Універсал-Транс,509,Використовується,null,null,не менше 50,не менше 21,null,0,null,0
72.5,null,null,автобус,null,null,null,30056005,ПП Універсал-Транс,509,Використовується,null,null,не менше 50,не менше 21,null,0,null,0
72.6,null,null,автобус,null,null,null,30056005,ПП Універсал-Транс,509,Використовується,null,null,не менше 50,не менше 21,null,0,null,0
72.7,null,null,автобус,null,null,null,30056005,ПП Універсал-Транс,509,Використовується,null,null,не менше 50,не менше 21,null,0,null,0
72.8,null,null,автобус,null,null,null,30056005,ПП Універсал-Транс,509,Використовується,null,null,не менше 50,не менше 21,null,0,null,0
72.9,null,null,автобус,null,null,null,30056005,ПП Універсал-Транс,509,Використовується,null,null,не менше 50,не менше 21,null,0,null,0
72.1,null,null,автобус,null,null,null,30056005,ПП Універсал-Транс,509,Використовується,null,null,не менше 50,не менше 21,null,0,null,0
72.11,null,null,автобус,null,null,null,30056005,ПП Універсал-Транс,509,Використовується,null,null,не менше 50,не менше 21,null,0,null,0
72.12,null,null,автобус,null,null,null,30056005,ПП Універсал-Транс,509,Використовується,null,null,не менше 50,не менше 21,null,0,null,0
73.1,null,null,автобус,null,null,null,33305729,ТОВ Кийтранс-2005,510,Використовується,null,null,null,не менше 21,null,0,null,0
73.2,null,null,автобус,null,null,null,33305729,ТОВ Кийтранс-2005,510,Використовується,null,null,null,не менше 21,null,0,null,0
73.3,null,null,автобус,null,null,null,33305729,ТОВ Кийтранс-2005,510,Використовується,null,null,null,не менше 21,null,0,null,0
73.4,null,null,автобус,null,null,null,33305729,ТОВ Кийтранс-2005,510,Використовується,null,null,null,не менше 21,null,0,null,0
73.5,null,null,автобус,null,null,null,33305729,ТОВ Кийтранс-2005,510,Використовується,null,null,null,не менше 21,null,0,null,0
73.6,null,null,автобус,null,null,null,33305729,ТОВ Кийтранс-2005,510,Використовується,null,null,null,не менше 21,null,0,null,0
73.7,null,null,автобус,null,null,null,33305729,ТОВ Кийтранс-2005,510,Використовується,null,null,null,не менше 21,null,0,null,0
73.8,null,null,автобус,null,null,null,33305729,ТОВ Кийтранс-2005,510,Використовується,null,null,null,не менше 21,null,0,null,0
74.1,null,null,автобус,null,null,null,30056005,ПП Універсал-Транс,511,Використовується,null,null,не менше 50,не менше 21,null,0,null,0
74.2,null,null,автобус,null,null,null,30056005,ПП Універсал-Транс,511,Використовується,null,null,не менше 50,не менше 21,null,0,null,0
74.3,null,null,автобус,null,null,null,30056005,ПП Універсал-Транс,511,Використовується,null,null,не менше 50,не менше 21,null,0,null,0
74.4,null,null,автобус,null,null,null,30056005,ПП Універсал-Транс,511,Використовується,null,null,не менше 50,не менше 21,null,0,null,0
74.5,null,null,автобус,null,null,null,30056005,ПП Універсал-Транс,511,Використовується,null,null,не менше 50,не менше 21,null,0,null,0
74.6,null,null,автобус,null,null,null,30056005,ПП Універсал-Транс,511,Використовується,null,null,не менше 50,не менше 21,null,0,null,0
74.7,null,null,автобус,null,null,null,30056005,ПП Універсал-Транс,511,Використовується,null,null,не менше 50,не менше 21,null,0,null,0
74.8,null,null,автобус,null,null,null,30056005,ПП Універсал-Транс,511,Використовується,null,null,не менше 50,не менше 21,null,0,null,0
74.9,null,null,автобус,null,null,null,30056005,ПП Універсал-Транс,511,Використовується,null,null,не менше 50,не менше 21,null,0,null,0
74.1,null,null,автобус,null,null,null,30056005,ПП Універсал-Транс,511,Використовується,null,null,не менше 50,не менше 21,null,0,null,0
74.11,null,null,автобус,null,null,null,30056005,ПП Універсал-Транс,511,Використовується,null,null,не менше 50,не менше 21,null,0,null,0
74.12,null,null,автобус,null,null,null,30056005,ПП Універсал-Транс,511,Використовується,null,null,не менше 50,не менше 21,null,0,null,0
75.1,null,null,автобус,null,null,null,32159460,ТОВ Ярославь-Авто,513,Використовується,null,null,null,не менше 21,null,0,null,0
75.2,null,null,автобус,null,null,null,32159460,ТОВ Ярославь-Авто,513,Використовується,null,null,null,не менше 21,null,0,null,0
75.3,null,null,автобус,null,null,null,32159460,ТОВ Ярославь-Авто,513,Використовується,null,null,null,не менше 21,null,0,null,0
75.4,null,null,автобус,null,null,null,32159460,ТОВ Ярославь-Авто,513,Використовується,null,null,null,не менше 21,null,0,null,0
75.5,null,null,автобус,null,null,null,32159460,ТОВ Ярославь-Авто,513,Використовується,null,null,null,не менше 21,null,0,null,0
75.6,null,null,автобус,null,null,null,32159460,ТОВ Ярославь-Авто,513,Використовується,null,null,null,не менше 21,null,0,null,0
76.1,null,null,автобус,null,null,null,24102067,ПП Парк,518,Використовується,null,null,null,не менше 21,null,0,null,0
76.2,null,null,автобус,null,null,null,24102067,ПП Парк,518,Використовується,null,null,null,не менше 21,null,0,null,0
77.1,null,null,автобус,null,null,null,30056005,ПП Універсал-Транс,526,Використовується,null,null,не менше 50,не менше 21,null,0,null,0
77.2,null,null,автобус,null,null,null,30056005,ПП Універсал-Транс,526,Використовується,null,null,не менше 50,не менше 21,null,0,null,0
77.3,null,null,автобус,null,null,null,30056005,ПП Універсал-Транс,526,Використовується,null,null,не менше 50,не менше 21,null,0,null,0
77.4,null,null,автобус,null,null,null,30056005,ПП Універсал-Транс,526,Використовується,null,null,не менше 50,не менше 21,null,0,null,0
77.5,null,null,автобус,null,null,null,30056005,ПП Універсал-Транс,526,Використовується,null,null,не менше 50,не менше 21,null,0,null,0
77.6,null,null,автобус,null,null,null,30056005,ПП Універсал-Транс,526,Використовується,null,null,не менше 50,не менше 21,null,0,null,0
77.7,null,null,автобус,null,null,null,30056005,ПП Універсал-Транс,526,Використовується,null,null,не менше 50,не менше 21,null,0,null,0
77.8,null,null,автобус,null,null,null,30056005,ПП Універсал-Транс,526,Використовується,null,null,не менше 50,не менше 21,null,0,null,0
77.9,null,null,автобус,null,null,null,30056005,ПП Універсал-Транс,526,Використовується,null,null,не менше 50,не менше 21,null,0,null,0
77.1,null,null,автобус,null,null,null,30056005,ПП Універсал-Транс,526,Використовується,null,null,не менше 50,не менше 21,null,0,null,0
77.11,null,null,автобус,null,null,null,30056005,ПП Універсал-Транс,526,Використовується,null,null,не менше 50,не менше 21,null,0,null,0
77.12,null,null,автобус,null,null,null,30056005,ПП Універсал-Транс,526,Використовується,null,null,не менше 50,не менше 21,null,0,null,0
79.1,null,null,автобус,null,null,null,32159460,ТОВ Ярославь-Авто,529,Використовується,null,null,null,не менше 21,null,0,null,0
79.2,null,null,автобус,null,null,null,32159460,ТОВ Ярославь-Авто,529,Використовується,null,null,null,не менше 21,null,0,null,0
79.3,null,null,автобус,null,null,null,32159460,ТОВ Ярославь-Авто,529,Використовується,null,null,null,не менше 21,null,0,null,0
79.4,null,null,автобус,null,null,null,32159460,ТОВ Ярославь-Авто,529,Використовується,null,null,null,не менше 21,null,0,null,0
79.5,null,null,автобус,null,null,null,32159460,ТОВ Ярославь-Авто,529,Використовується,null,null,null,не менше 21,null,0,null,0
79.6,null,null,автобус,null,null,null,32159460,ТОВ Ярославь-Авто,529,Використовується,null,null,null,не менше 21,null,0,null,0
79.7,null,null,автобус,null,null,null,32159460,ТОВ Ярославь-Авто,529,Використовується,null,null,null,не менше 21,null,0,null,0
79.8,null,null,автобус,null,null,null,32159460,ТОВ Ярославь-Авто,529,Використовується,null,null,null,не менше 21,null,0,null,0
79.9,null,null,автобус,null,null,null,32159460,ТОВ Ярославь-Авто,529,Використовується,null,null,null,не менше 21,null,0,null,0
79.1,null,null,автобус,null,null,null,32159460,ТОВ Ярославь-Авто,529,Використовується,null,null,null,не менше 21,null,0,null,0
79.12,null,null,автобус,null,null,null,32159460,ТОВ Ярославь-Авто,529,Використовується,null,null,null,не менше 21,null,0,null,0
79.13,null,null,автобус,null,null,null,32159460,ТОВ Ярославь-Авто,529к,Використовується,null,null,null,не менше 21,null,0,null,0
80.1,null,null,автобус,null,null,null,32527677,ТОВ Радонь,530,Використовується,null,null,не менше 50,не менше 21,null,0,null,0
80.2,null,null,автобус,null,null,null,32527677,ТОВ Радонь,530,Використовується,null,null,не менше 50,не менше 21,null,0,null,0
80.3,null,null,автобус,null,null,null,32527677,ТОВ Радонь,530,Використовується,null,null,не менше 50,не менше 21,null,0,null,0
80.4,null,null,автобус,null,null,null,32527677,ТОВ Радонь,530,Використовується,null,null,не менше 50,не менше 21,null,0,null,0
80.5,null,null,автобус,null,null,null,32527677,ТОВ Радонь,530,Використовується,null,null,не менше 50,не менше 21,null,0,null,0
80.6,null,null,автобус,null,null,null,32527677,ТОВ Радонь,530,Використовується,null,null,не менше 50,не менше 21,null,0,null,0
80.7,null,null,автобус,null,null,null,32527677,ТОВ Радонь,530,Використовується,null,null,не менше 50,не менше 21,null,0,null,0
81.1,null,null,автобус,null,null,null,30977976,ПП АВЕН-ЄЗЄР,535,Використовується,null,null,null,не менше 21,null,0,null,0
81.2,null,null,автобус,null,null,null,30977976,ПП АВЕН-ЄЗЄР,535,Використовується,null,null,null,не менше 21,null,0,null,0
81.3,null,null,автобус,null,null,null,30977976,ПП АВЕН-ЄЗЄР,535,Використовується,null,null,null,не менше 21,null,0,null,0
81.4,null,null,автобус,null,null,null,30977976,ПП АВЕН-ЄЗЄР,535,Використовується,null,null,null,не менше 21,null,0,null,0
81.5,null,null,автобус,null,null,null,30977976,ПП АВЕН-ЄЗЄР,535,Використовується,null,null,null,не менше 21,null,0,null,0
81.6,null,null,автобус,null,null,null,30977976,ПП АВЕН-ЄЗЄР,535,Використовується,null,null,null,не менше 21,null,0,null,0
81.7,null,null,автобус,null,null,null,30977976,ПП АВЕН-ЄЗЄР,535,Використовується,null,null,null,не менше 21,null,0,null,0
81.8,null,null,автобус,null,null,null,30977976,ПП АВЕН-ЄЗЄР,535,Використовується,null,null,null,не менше 21,null,0,null,0
81.9,null,null,автобус,null,null,null,30977976,ПП АВЕН-ЄЗЄР,535,Використовується,null,null,null,не менше 21,null,0,null,0
82.1,null,null,автобус,null,null,null,24102067,ПП Парк,537,Використовується,null,null,не менше 50,не менше 21,null,0,null,0
82.2,null,null,автобус,null,null,null,24102067,ПП Парк,537,Використовується,null,null,не менше 50,не менше 21,null,0,null,0
82.3,null,null,автобус,null,null,null,24102067,ПП Парк,537,Використовується,null,null,не менше 50,не менше 21,null,0,null,0
82.4,null,null,автобус,null,null,null,24102067,ПП Парк,537,Використовується,null,null,не менше 50,не менше 21,null,0,null,0
83.1,null,null,автобус,null,null,null,32527677,ТОВ Радонь,539,Використовується,null,null,null,не менше 21,null,0,null,0
83.2,null,null,автобус,null,null,null,32527677,ТОВ Радонь,539,Використовується,null,null,null,не менше 21,null,0,null,0
83.3,null,null,автобус,null,null,null,32527677,ТОВ Радонь,539,Використовується,null,null,null,не менше 21,null,0,null,0
83.4,null,null,автобус,null,null,null,32527677,ТОВ Радонь,539,Використовується,null,null,null,не менше 21,null,0,null,0
83.5,null,null,автобус,null,null,null,32527677,ТОВ Радонь,539,Використовується,null,null,null,не менше 21,null,0,null,0
84.1,null,null,автобус,null,null,null,30977976,ПП АВЕН-ЄЗЄР,542,Використовується,null,null,не менше 50,не менше 21,null,0,null,0
84.2,null,null,автобус,null,null,null,30977976,ПП АВЕН-ЄЗЄР,542,Використовується,null,null,не менше 50,не менше 21,null,0,null,0
84.3,null,null,автобус,null,null,null,30977976,ПП АВЕН-ЄЗЄР,542,Використовується,null,null,не менше 50,не менше 21,null,0,null,0
84.4,null,null,автобус,null,null,null,30977976,ПП АВЕН-ЄЗЄР,542,Використовується,null,null,не менше 50,не менше 21,null,0,null,0
85.1,null,null,автобус,null,null,null,30056005,ПП Універсал-Транс,544,Використовується,null,null,null,не менше 21,null,0,null,0
85.2,null,null,автобус,null,null,null,30056005,ПП Універсал-Транс,544,Використовується,null,null,null,не менше 21,null,0,null,0
85.3,null,null,автобус,null,null,null,30056005,ПП Універсал-Транс,544,Використовується,null,null,null,не менше 21,null,0,null,0
85.4,null,null,автобус,null,null,null,30056005,ПП Універсал-Транс,544,Використовується,null,null,null,не менше 21,null,0,null,0
86.1,null,null,автобус,null,null,null,32159460,ТОВ Ярославь-Авто,545,Використовується,null,null,null,не менше 21,null,0,null,0
86.2,null,null,автобус,null,null,null,32159460,ТОВ Ярославь-Авто,545,Використовується,null,null,null,не менше 21,null,0,null,0
86.3,null,null,автобус,null,null,null,32159460,ТОВ Ярославь-Авто,545,Використовується,null,null,null,не менше 21,null,0,null,0
86.4,null,null,автобус,null,null,null,32159460,ТОВ Ярославь-Авто,545,Використовується,null,null,null,не менше 21,null,0,null,0
86.5,null,null,автобус,null,null,null,32159460,ТОВ Ярославь-Авто,545,Використовується,null,null,null,не менше 21,null,0,null,0
86.6,null,null,автобус,null,null,null,32159460,ТОВ Ярославь-Авто,545,Використовується,null,null,null,не менше 21,null,0,null,0
86.7,null,null,автобус,null,null,null,32159460,ТОВ Ярославь-Авто,545,Використовується,null,null,null,не менше 21,null,0,null,0
86.8,null,null,автобус,null,null,null,32159460,ТОВ Ярославь-Авто,545,Використовується,null,null,null,не менше 21,null,0,null,0
86.9,null,null,автобус,null,null,null,32159460,ТОВ Ярославь-Авто,545,Використовується,null,null,null,не менше 21,null,0,null,0
86.1,null,null,автобус,null,null,null,32159460,ТОВ Ярославь-Авто,545,Використовується,null,null,null,не менше 21,null,0,null,0
86.11,null,null,автобус,null,null,null,32159460,ТОВ Ярославь-Авто,545,Використовується,null,null,null,не менше 21,null,0,null,0
86.12,null,null,автобус,null,null,null,32159460,ТОВ Ярославь-Авто,545,Використовується,null,null,null,не менше 21,null,0,null,0
86.13,null,null,автобус,null,null,null,32159460,ТОВ Ярославь-Авто,545,Використовується,null,null,null,не менше 21,null,0,null,0
86.14,null,null,автобус,null,null,null,32159460,ТОВ Ярославь-Авто,545,Використовується,null,null,null,не менше 21,null,0,null,0
86.15,null,null,автобус,null,null,null,32159460,ТОВ Ярославь-Авто,545,Використовується,null,null,null,не менше 21,null,0,null,0
86.16,null,null,автобус,null,null,null,32159460,ТОВ Ярославь-Авто,545,Використовується,null,null,null,не менше 21,null,0,null,0
86.17,null,null,автобус,null,null,null,32159460,ТОВ Ярославь-Авто,545,Використовується,null,null,null,не менше 21,null,0,null,0
86.18,null,null,автобус,null,null,null,32159460,ТОВ Ярославь-Авто,545,Використовується,null,null,null,не менше 21,null,0,null,0
87.1,null,null,автобус,null,null,null,30056005,ПП Універсал-Транс,550,Використовується,null,null,не менше 50,не менше 21,null,0,null,0
87.2,null,null,автобус,null,null,null,30056005,ПП Універсал-Транс,550,Використовується,null,null,не менше 50,не менше 21,null,0,null,0
87.3,null,null,автобус,null,null,null,30056005,ПП Універсал-Транс,550,Використовується,null,null,не менше 50,не менше 21,null,0,null,0
87.4,null,null,автобус,null,null,null,30056005,ПП Універсал-Транс,550,Використовується,null,null,не менше 50,не менше 21,null,0,null,0
87.5,null,null,автобус,null,null,null,30056005,ПП Універсал-Транс,550,Використовується,null,null,не менше 50,не менше 21,null,0,null,0
87.6,null,null,автобус,null,null,null,30056005,ПП Універсал-Транс,550,Використовується,null,null,не менше 50,не менше 21,null,0,null,0
87.7,null,null,автобус,null,null,null,30056005,ПП Універсал-Транс,550,Використовується,null,null,не менше 50,не менше 21,null,0,null,0
87.8,null,null,автобус,null,null,null,30056005,ПП Універсал-Транс,550,Використовується,null,null,не менше 50,не менше 21,null,0,null,0
87.9,null,null,автобус,null,null,null,30056005,ПП Універсал-Транс,550,Використовується,null,null,не менше 50,не менше 21,null,0,null,0
87.1,null,null,автобус,null,null,null,30056005,ПП Універсал-Транс,550,Використовується,null,null,не менше 50,не менше 21,null,0,null,0
88.1,null,null,автобус,null,null,null,30977976,ПП АВЕН-ЄЗЄР,555,Використовується,null,null,не менше 50,не менше 21,null,0,null,0
88.2,null,null,автобус,null,null,null,30977976,ПП АВЕН-ЄЗЄР,555,Використовується,null,null,не менше 50,не менше 21,null,0,null,0
88.3,null,null,автобус,null,null,null,30977976,ПП АВЕН-ЄЗЄР,555,Використовується,null,null,не менше 50,не менше 21,null,0,null,0
88.4,null,null,автобус,null,null,null,30977976,ПП АВЕН-ЄЗЄР,555,Використовується,null,null,не менше 50,не менше 21,null,0,null,0
88.5,null,null,автобус,null,null,null,30977976,ПП АВЕН-ЄЗЄР,555,Використовується,null,null,не менше 50,не менше 21,null,0,null,0
88.6,null,null,автобус,null,null,null,30977976,ПП АВЕН-ЄЗЄР,555,Використовується,null,null,не менше 50,не менше 21,null,0,null,0
88.7,null,null,автобус,null,null,null,30977976,ПП АВЕН-ЄЗЄР,555,Використовується,null,null,не менше 50,не менше 21,null,0,null,0
88.8,null,null,автобус,null,null,null,30977976,ПП АВЕН-ЄЗЄР,555,Використовується,null,null,не менше 50,не менше 21,null,0,null,0
89.1,null,null,автобус,null,null,null,43700504,ТОВ Деснянська Автобаза,556,Використовується,null,null,null,null,null,0,null,0
89.2,null,null,автобус,null,null,null,43700504,ТОВ Деснянська Автобаза,556,Використовується,null,null,null,null,null,0,null,0
89.3,null,null,автобус,null,null,null,43700504,ТОВ Деснянська Автобаза,556,Використовується,null,null,null,null,null,0,null,0
89.4,null,null,автобус,null,null,null,43700504,ТОВ Деснянська Автобаза,556,Використовується,null,null,null,null,null,0,null,0
90.1,null,null,автобус,null,null,null,32527677,ТОВ Радонь,557,Використовується,null,null,не менше 50,не менше 21,null,0,null,0
90.2,null,null,автобус,null,null,null,32527677,ТОВ Радонь,557,Використовується,null,null,не менше 50,не менше 21,null,0,null,0
90.3,null,null,автобус,null,null,null,32527677,ТОВ Радонь,557,Використовується,null,null,не менше 50,не менше 21,null,0,null,0
90.4,null,null,автобус,null,null,null,32527677,ТОВ Радонь,557,Використовується,null,null,не менше 50,не менше 21,null,0,null,0
90.5,null,null,автобус,null,null,null,32527677,ТОВ Радонь,557,Використовується,null,null,не менше 50,не менше 21,null,0,null,0
91.1,null,null,автобус,null,null,null,33305729,ТОВ Кийтранс-2005,566,Використовується,null,null,не менше 50,не менше 21,null,0,null,0
91.2,null,null,автобус,null,null,null,33305729,ТОВ Кийтранс-2005,566,Використовується,null,null,не менше 50,не менше 21,null,0,null,0
91.3,null,null,автобус,null,null,null,33305729,ТОВ Кийтранс-2005,566,Використовується,null,null,не менше 50,не менше 21,null,0,null,0
91.4,null,null,автобус,null,null,null,33305729,ТОВ Кийтранс-2005,566,Використовується,null,null,не менше 50,не менше 21,null,0,null,0
92.1,null,null,автобус,null,null,null,30977976,ПП АВЕН-ЄЗЄР,567,Використовується,null,null,null,не менше 21,null,0,null,0
92.2,null,null,автобус,null,null,null,30977976,ПП АВЕН-ЄЗЄР,567,Використовується,null,null,null,не менше 21,null,0,null,0
92.3,null,null,автобус,null,null,null,30977976,ПП АВЕН-ЄЗЄР,567,Використовується,null,null,null,не менше 21,null,0,null,0
93.1,null,null,автобус,null,null,null,30977976,ПП АВЕН-ЄЗЄР,569,Використовується,null,null,null,не менше 21,null,0,null,0
93.2,null,null,автобус,null,null,null,30977976,ПП АВЕН-ЄЗЄР,569,Використовується,null,null,null,не менше 21,null,0,null,0
93.3,null,null,автобус,null,null,null,30977976,ПП АВЕН-ЄЗЄР,569,Використовується,null,null,null,не менше 21,null,0,null,0
93.4,null,null,автобус,null,null,null,30977976,ПП АВЕН-ЄЗЄР,569,Використовується,null,null,null,не менше 21,null,0,null,0
93.5,null,null,автобус,null,null,null,30977976,ПП АВЕН-ЄЗЄР,569,Використовується,null,null,null,не менше 21,null,0,null,0
93.6,null,null,автобус,null,null,null,30977976,ПП АВЕН-ЄЗЄР,569,Використовується,null,null,null,не менше 21,null,0,null,0
94.1,null,null,автобус,null,null,null,24102067,ПП Парк,575,Використовується,null,null,не менше 50,не менше 21,null,0,null,0
94.2,null,null,автобус,null,null,null,24102067,ПП Парк,575,Використовується,null,null,не менше 50,не менше 21,null,0,null,0
94.3,null,null,автобус,null,null,null,24102067,ПП Парк,575,Використовується,null,null,не менше 50,не менше 21,null,0,null,0
94.4,null,null,автобус,null,null,null,24102067,ПП Парк,575,Використовується,null,null,не менше 50,не менше 21,null,0,null,0
94.5,null,null,автобус,null,null,null,24102067,ПП Парк,575,Використовується,null,null,не менше 50,не менше 21,null,0,null,0
94.6,null,null,автобус,null,null,null,24102067,ПП Парк,575,Використовується,null,null,не менше 50,не менше 21,null,0,null,0
94.7,null,null,автобус,null,null,null,24102067,ПП Парк,575,Використовується,null,null,не менше 50,не менше 21,null,0,null,0
94.8,null,null,автобус,null,null,null,24102067,ПП Парк,575,Використовується,null,null,не менше 50,не менше 21,null,0,null,0
94.9,null,null,автобус,null,null,null,24102067,ПП Парк,575,Використовується,null,null,не менше 50,не менше 21,null,0,null,0
94.1,null,null,автобус,null,null,null,24102067,ПП Парк,575,Використовується,null,null,не менше 50,не менше 21,null,0,null,0
95.1,null,null,автобус,null,null,null,30977976,ПП АВЕН-ЄЗЄР,577,Використовується,null,null,не менше 50,не менше 21,null,0,null,0
95.2,null,null,автобус,null,null,null,30977976,ПП АВЕН-ЄЗЄР,577,Використовується,null,null,не менше 50,не менше 21,null,0,null,0
95.3,null,null,автобус,null,null,null,30977976,ПП АВЕН-ЄЗЄР,577,Використовується,null,null,не менше 50,не менше 21,null,0,null,0
95.4,null,null,автобус,null,null,null,30977976,ПП АВЕН-ЄЗЄР,577,Використовується,null,null,не менше 50,не менше 21,null,0,null,0
96.1,null,null,автобус,null,null,null,30977976,ПП АВЕН-ЄЗЄР,578,Використовується,null,null,null,не менше 21,null,0,null,0
96.2,null,null,автобус,null,null,null,30977976,ПП АВЕН-ЄЗЄР,578,Використовується,null,null,null,не менше 21,null,0,null,0
96.3,null,null,автобус,null,null,null,30977976,ПП АВЕН-ЄЗЄР,578,Використовується,null,null,null,не менше 21,null,0,null,0
96.4,null,null,автобус,null,null,null,30977976,ПП АВЕН-ЄЗЄР,578,Використовується,null,null,null,не менше 21,null,0,null,0
96.5,null,null,автобус,null,null,null,30977976,ПП АВЕН-ЄЗЄР,578,Використовується,null,null,null,не менше 21,null,0,null,0
97.1,null,null,автобус,null,null,null,30056005,ПП Універсал-Транс,580,Використовується,null,null,null,не менше 21,null,0,null,0
97.2,null,null,автобус,null,null,null,30056005,ПП Універсал-Транс,580,Використовується,null,null,null,не менше 21,null,0,null,0
97.3,null,null,автобус,null,null,null,30056005,ПП Універсал-Транс,580,Використовується,null,null,null,не менше 21,null,0,null,0
97.4,null,null,автобус,null,null,null,30056005,ПП Універсал-Транс,580,Використовується,null,null,null,не менше 21,null,0,null,0
97.5,null,null,автобус,null,null,null,30056005,ПП Універсал-Транс,580,Використовується,null,null,null,не менше 21,null,0,null,0
97.6,null,null,автобус,null,null,null,30056005,ПП Універсал-Транс,580,Використовується,null,null,null,не менше 21,null,0,null,0
97.7,null,null,автобус,null,null,null,30056005,ПП Універсал-Транс,580,Використовується,null,null,null,не менше 21,null,0,null,0
97.8,null,null,автобус,null,null,null,30056005,ПП Універсал-Транс,580,Використовується,null,null,null,не менше 21,null,0,null,0
97.9,null,null,автобус,null,null,null,30056005,ПП Універсал-Транс,580,Використовується,null,null,null,не менше 21,null,0,null,0
97.1,null,null,автобус,null,null,null,30056005,ПП Універсал-Транс,580,Використовується,null,null,null,не менше 21,null,0,null,0
98.1,null,null,автобус,null,null,null,30977976,ПП АВЕН-ЄЗЄР,586,Використовується,null,null,не менше 50,не менше 21,null,0,null,0
98.2,null,null,автобус,null,null,null,30977976,ПП АВЕН-ЄЗЄР,586,Використовується,null,null,не менше 50,не менше 21,null,0,null,0
98.3,null,null,автобус,null,null,null,30977976,ПП АВЕН-ЄЗЄР,586,Використовується,null,null,не менше 50,не менше 21,null,0,null,0
98.4,null,null,автобус,null,null,null,30977976,ПП АВЕН-ЄЗЄР,586,Використовується,null,null,не менше 50,не менше 21,null,0,null,0
99.1,null,null,автобус,null,null,null,30056005,ПП Універсал-Транс,590,Використовується,null,null,null,не менше 21,null,0,null,0
99.2,null,null,автобус,null,null,null,30056005,ПП Універсал-Транс,590,Використовується,null,null,null,не менше 21,null,0,null,0
99.3,null,null,автобус,null,null,null,30056005,ПП Універсал-Транс,590,Використовується,null,null,null,не менше 21,null,0,null,0
99.4,null,null,автобус,null,null,null,30056005,ПП Універсал-Транс,590,Використовується,null,null,null,не менше 21,null,0,null,0
99.5,null,null,автобус,null,null,null,30056005,ПП Універсал-Транс,590,Використовується,null,null,null,не менше 21,null,0,null,0
99.6,null,null,автобус,null,null,null,30056005,ПП Універсал-Транс,590,Використовується,null,null,null,не менше 21,null,0,null,0
99.7,null,null,автобус,null,null,null,30056005,ПП Універсал-Транс,590,Використовується,null,null,null,не менше 21,null,0,null,0
99.8,null,null,автобус,null,null,null,30056005,ПП Універсал-Транс,590,Використовується,null,null,null,не менше 21,null,0,null,0
99.9,null,null,автобус,null,null,null,30056005,ПП Універсал-Транс,590,Використовується,null,null,null,не менше 21,null,0,null,0
99.1,null,null,автобус,null,null,null,30056005,ПП Універсал-Транс,590,Використовується,null,null,null,не менше 21,null,0,null,0
100.1,null,null,автобус,null,null,null,32527677,ТОВ Радонь,598Д,Використовується,null,null,не менше 50,не менше 21,null,0,null,0
100.2,null,null,автобус,null,null,null,32527677,ТОВ Радонь,598Д,Використовується,null,null,не менше 50,не менше 21,null,0,null,0
100.3,null,null,автобус,null,null,null,32527677,ТОВ Радонь,598Д,Використовується,null,null,не менше 50,не менше 21,null,0,null,0
100.4,null,null,автобус,null,null,null,32527677,ТОВ Радонь,598Д,Використовується,null,null,не менше 50,не менше 21,null,0,null,0
100.5,null,null,автобус,null,null,null,32527677,ТОВ Радонь,598Д,Використовується,null,null,не менше 50,не менше 21,null,0,null,0
100.6,null,null,автобус,null,null,null,32527677,ТОВ Радонь,598Д,Використовується,null,null,не менше 50,не менше 21,null,0,null,0
100.7,null,null,автобус,null,null,null,32527677,ТОВ Радонь,598Д,Використовується,null,null,не менше 50,не менше 21,null,0,null,0
100.8,null,null,автобус,null,null,null,32527677,ТОВ Радонь,598Д,Використовується,null,null,не менше 50,не менше 21,null,0,null,0
